fecha,semana,dia_semana,branch_code,brand_code,documentos,comensales,venta_neta,iva,venta_total,ticket_medio,gasto_comensal,meta_diaria,gap_vs_meta,cumplimiento,semaforo,estado_kpi
2026-01-01,1,Jueves,AMC-001-MER-MAIN,AMC,0,0,0.0,0.0,0.0,,,36087.1,-36087.1,0.0,rojo,Problema
2026-01-01,1,Jueves,SG-002-MER-PDM,SG,183,0,38118.1,6098.9,44217.0,233.1,49.54,22177.42,15940.68,1.0,verde,Excelente
2026-01-01,1,Jueves,SG-001-MER-LAISLA,SG,155,0,41273.6,5692.91,35580.69,219.72,40.09,45743.65,-10162.96,0.9,amarillo,Saludable
2026-01-02,1,Viernes,AMC-001-MER-MAIN,AMC,0,0,0.0,0.0,0.0,,,36087.1,-36087.1,0.0,rojo,Problema
2026-01-02,1,Viernes,SG-002-MER-PDM,SG,205,0,44839.74,7174.36,52014.1,188.3,42.9,22177.42,22662.32,1.0,verde,Excelente
2026-01-02,1,Viernes,SG-001-MER-LAISLA,SG,264,0,57196.4,7889.16,49307.24,204.5,41.61,45743.65,3563.59,1.0,verde,Excelente
2026-01-03,1,Sábado,AMC-001-MER-MAIN,AMC,0,0,0.0,0.0,0.0,,,36087.1,-36087.1,0.0,rojo,Problema
2026-01-03,1,Sábado,SG-002-MER-PDM,SG,191,0,42257.07,6761.13,49018.2,201.91,38.07,22177.42,20079.65,1.0,verde,Excelente
2026-01-03,1,Sábado,SG-001-MER-LAISLA,SG,249,0,59727.5,8238.28,51489.22,188.82,38.78,45743.65,5745.57,1.0,verde,Excelente
2026-01-04,1,Domingo,AMC-001-MER-MAIN,AMC,0,0,0.0,0.0,0.0,,,36087.1,-36087.1,0.0,rojo,Problema
2026-01-04,1,Domingo,SG-002-MER-PDM,SG,223,0,44963.02,7194.08,52157.1,221.17,43.93,22177.42,22785.6,1.0,verde,Excelente
2026-01-04,1,Domingo,SG-001-MER-LAISLA,SG,259,0,61296.8,8454.73,52842.07,162.73,40.6,45743.65,7098.42,1.0,verde,Excelente
2026-01-05,2,Lunes,AMC-001-MER-MAIN,AMC,0,0,0.0,0.0,0.0,,,36087.1,-36087.1,0.0,rojo,Problema
2026-01-05,2,Lunes,SG-002-MER-PDM,SG,148,0,28293.71,4526.99,32820.7,188.03,38.14,22177.42,6116.29,1.0,verde,Excelente
2026-01-05,2,Lunes,SG-001-MER-LAISLA,SG,166,0,36833.3,5080.46,31752.84,199.52,41.65,45743.65,-13990.8,0.81,rojo,Riesgo
2026-01-06,2,Martes,SG-002-MER-PDM,SG,119,0,21169.14,3387.06,24556.2,206.08,42.3,22177.42,-1008.28,0.95,verde,Saludable
2026-01-06,2,Martes,SG-001-MER-LAISLA,SG,146,0,32884.6,4535.81,28348.79,214.37,44.64,45743.65,-17394.86,0.72,rojo,Problema
2026-01-06,2,Martes,AMC-001-MER-MAIN,AMC,0,0,0.0,0.0,0.0,,,36087.1,-36087.1,0.0,rojo,Problema
2026-01-07,2,Miércoles,SG-001-MER-LAISLA,SG,154,0,30879.2,4259.2,26620.0,197.09,38.85,45743.65,-19123.65,0.68,rojo,Problema
2026-01-07,2,Miércoles,AMC-001-MER-MAIN,AMC,0,0,0.0,0.0,0.0,,,36087.1,-36087.1,0.0,rojo,Problema
2026-01-07,2,Miércoles,SG-002-MER-PDM,SG,136,0,24025.09,3844.01,27869.1,171.98,40.95,22177.42,1847.67,1.0,verde,Excelente
2026-01-08,2,Jueves,SG-001-MER-LAISLA,SG,200,0,43095.1,5944.15,37150.95,231.03,40.54,45743.65,-8592.7,0.94,amarillo,Saludable
2026-01-08,2,Jueves,AMC-001-MER-MAIN,AMC,0,0,0.0,0.0,0.0,,,36087.1,-36087.1,0.0,rojo,Problema
2026-01-08,2,Jueves,SG-002-MER-PDM,SG,105,0,19755.17,3160.83,22916.0,181.77,41.2,22177.42,-2422.25,0.89,amarillo,Riesgo
2026-01-09,2,Viernes,SG-001-MER-LAISLA,SG,171,0,32880.3,4535.21,28345.09,247.86,39.2,45743.65,-17398.56,0.72,rojo,Problema
2026-01-09,2,Viernes,AMC-001-MER-MAIN,AMC,0,0,0.0,0.0,0.0,,,36087.1,-36087.1,0.0,rojo,Problema
2026-01-09,2,Viernes,SG-002-MER-PDM,SG,141,0,25711.64,4113.86,29825.5,221.37,39.42,22177.42,3534.22,1.0,verde,Excelente
2026-01-10,2,Sábado,SG-001-MER-LAISLA,SG,225,0,51195.5,7061.45,44134.05,203.32,38.28,45743.65,-1609.6,1.0,verde,Excelente
2026-01-10,2,Sábado,SG-002-MER-PDM,SG,165,0,29843.1,4774.9,34618.0,207.1,36.53,22177.42,7665.68,1.0,verde,Excelente
2026-01-10,2,Sábado,AMC-001-MER-MAIN,AMC,0,0,0.0,0.0,0.0,,,36087.1,-36087.1,0.0,rojo,Problema
2026-01-11,2,Domingo,SG-002-MER-PDM,SG,213,0,39882.33,6381.17,46263.5,224.53,39.84,22177.42,17704.91,1.0,verde,Excelente
2026-01-11,2,Domingo,SG-001-MER-LAISLA,SG,377,0,57882.3,7983.77,49898.53,211.15,36.34,45743.65,4154.89,1.0,verde,Excelente
2026-01-11,2,Domingo,AMC-001-MER-MAIN,AMC,0,0,0.0,0.0,0.0,,,36087.1,-36087.1,0.0,rojo,Problema
2026-01-12,3,Lunes,SG-002-MER-PDM,SG,121,0,21691.38,3470.62,25162.0,210.31,41.39,22177.42,-486.04,0.98,verde,Saludable
2026-01-12,3,Lunes,SG-001-MER-LAISLA,SG,139,0,26815.3,3698.66,23116.64,195.39,38.93,45743.65,-22627.01,0.59,rojo,Problema
2026-01-12,3,Lunes,AMC-001-MER-MAIN,AMC,0,0,0.0,0.0,0.0,,,36087.1,-36087.1,0.0,rojo,Problema
2026-01-13,3,Martes,SG-002-MER-PDM,SG,81,0,12800.17,2048.03,14848.2,186.31,39.13,22177.42,-9377.25,0.58,rojo,Problema
2026-01-13,3,Martes,SG-001-MER-LAISLA,SG,114,0,22984.0,3170.21,19813.79,184.99,38.36,45743.65,-25929.86,0.5,rojo,Problema
2026-01-13,3,Martes,AMC-001-MER-MAIN,AMC,0,0,0.0,0.0,0.0,,,36087.1,-36087.1,0.0,rojo,Problema
2026-01-14,3,Miércoles,SG-002-MER-PDM,SG,101,0,18386.21,2941.79,21328.0,215.21,36.95,22177.42,-3791.21,0.83,rojo,Riesgo
2026-01-14,3,Miércoles,SG-001-MER-LAISLA,SG,155,0,32960.3,4546.25,28414.05,198.26,38.35,45743.65,-17329.6,0.72,rojo,Problema
2026-01-14,3,Miércoles,AMC-001-MER-MAIN,AMC,0,0,0.0,0.0,0.0,,,36087.1,-36087.1,0.0,rojo,Problema
2026-01-15,3,Jueves,SG-001-MER-LAISLA,SG,148,0,32680.4,4507.64,28172.76,223.11,41.53,45743.65,-17570.89,0.71,rojo,Problema
2026-01-15,3,Jueves,AMC-001-MER-MAIN,AMC,0,0,0.0,0.0,0.0,,,36087.1,-36087.1,0.0,rojo,Problema
2026-01-15,3,Jueves,SG-002-MER-PDM,SG,111,0,19935.69,3189.71,23125.4,181.99,36.98,22177.42,-2241.73,0.9,amarillo,Riesgo
2026-01-16,3,Viernes,AMC-001-MER-MAIN,AMC,0,0,0.0,0.0,0.0,,,36087.1,-36087.1,0.0,rojo,Problema
2026-01-16,3,Viernes,SG-002-MER-PDM,SG,156,0,27988.1,4478.1,32466.2,208.64,40.22,22177.42,5810.68,1.0,verde,Excelente
2026-01-16,3,Viernes,SG-001-MER-LAISLA,SG,179,0,35386.3,4880.87,30505.43,214.1,41.12,45743.65,-15238.22,0.77,rojo,Problema
2026-01-17,3,Sábado,AMC-001-MER-MAIN,AMC,0,0,0.0,0.0,0.0,,,36087.1,-36087.1,0.0,rojo,Problema
2026-01-17,3,Sábado,SG-002-MER-PDM,SG,156,0,34317.41,5490.79,39808.2,196.38,42.3,22177.42,12139.99,1.0,verde,Excelente
2026-01-17,3,Sábado,SG-001-MER-LAISLA,SG,223,0,53329.0,7355.72,45973.28,222.68,39.46,45743.65,229.63,1.0,verde,Excelente
2026-01-18,3,Domingo,AMC-001-MER-MAIN,AMC,0,0,0.0,0.0,0.0,,,36087.1,-36087.1,0.0,rojo,Problema
2026-01-18,3,Domingo,SG-002-MER-PDM,SG,214,0,44989.31,7198.29,52187.6,250.97,41.87,22177.42,22811.89,1.0,verde,Excelente
2026-01-18,3,Domingo,SG-001-MER-LAISLA,SG,240,0,57340.0,7908.97,49431.03,229.67,38.92,45743.65,3687.39,1.0,verde,Excelente
2026-01-19,4,Lunes,SG-002-MER-PDM,SG,100,0,15883.88,2541.42,18425.3,197.15,37.52,22177.42,-6293.54,0.72,rojo,Problema
2026-01-19,4,Lunes,SG-001-MER-LAISLA,SG,167,0,32942.7,4543.82,28398.88,201.74,39.38,45743.65,-17344.77,0.72,rojo,Problema
2026-01-19,4,Lunes,AMC-001-MER-MAIN,AMC,0,0,0.0,0.0,0.0,,,36087.1,-36087.1,0.0,rojo,Problema
2026-01-20,4,Martes,SG-001-MER-LAISLA,SG,142,0,30010.1,4139.32,25870.78,189.56,41.14,45743.65,-19872.87,0.66,rojo,Problema
2026-01-20,4,Martes,AMC-001-MER-MAIN,AMC,0,0,109.0,17.44,126.44,,,36087.1,-35978.1,0.0,rojo,Problema
2026-01-20,4,Martes,SG-002-MER-PDM,SG,130,0,22480.6,3596.9,26077.5,263.9,42.51,22177.42,303.18,1.0,verde,Excelente
2026-01-21,4,Miércoles,SG-001-MER-LAISLA,SG,148,0,29343.7,4047.41,25296.29,234.4,40.08,45743.65,-20447.36,0.64,rojo,Problema
2026-01-21,4,Miércoles,AMC-001-MER-MAIN,AMC,0,0,0.0,0.0,0.0,,,36087.1,-36087.1,0.0,rojo,Problema
2026-01-21,4,Miércoles,SG-002-MER-PDM,SG,111,0,18158.28,2905.32,21063.6,241.75,38.2,22177.42,-4019.14,0.82,rojo,Riesgo
2026-01-22,4,Jueves,SG-001-MER-LAISLA,SG,134,0,23754.55,3276.49,20478.06,201.35,41.59,45743.65,-25265.59,0.52,rojo,Problema
2026-01-22,4,Jueves,AMC-001-MER-MAIN,AMC,0,0,0.0,0.0,0.0,,,36087.1,-36087.1,0.0,rojo,Problema
2026-01-22,4,Jueves,SG-002-MER-PDM,SG,110,0,18903.62,3024.58,21928.2,219.14,41.66,22177.42,-3273.8,0.85,amarillo,Riesgo
2026-01-23,4,Viernes,SG-001-MER-LAISLA,SG,213,0,41333.1,5701.12,35631.98,211.73,41.11,45743.65,-10111.67,0.9,amarillo,Saludable
2026-01-23,4,Viernes,AMC-001-MER-MAIN,AMC,0,0,0.0,0.0,0.0,,,36087.1,-36087.1,0.0,rojo,Problema
2026-01-23,4,Viernes,SG-002-MER-PDM,SG,137,0,27007.33,4321.17,31328.5,237.03,36.8,22177.42,4829.91,1.0,verde,Excelente
2026-01-24,4,Sábado,AMC-001-MER-MAIN,AMC,0,0,0.0,0.0,0.0,,,36087.1,-36087.1,0.0,rojo,Problema
2026-01-24,4,Sábado,SG-002-MER-PDM,SG,157,0,31059.48,4969.52,36029.0,209.51,37.27,22177.42,8882.06,1.0,verde,Excelente
2026-01-24,4,Sábado,SG-001-MER-LAISLA,SG,233,0,47318.0,6526.62,40791.38,215.51,42.0,45743.65,-4952.27,1.0,verde,Excelente
2026-01-25,4,Domingo,SG-002-MER-PDM,SG,222,0,43798.28,7007.72,50806.0,187.47,39.76,22177.42,21620.86,1.0,verde,Excelente
2026-01-25,4,Domingo,SG-001-MER-LAISLA,SG,267,0,64350.0,8875.86,55474.14,201.89,34.48,45743.65,9730.49,1.0,verde,Excelente
2026-01-25,4,Domingo,AMC-001-MER-MAIN,AMC,0,0,0.0,0.0,0.0,,,36087.1,-36087.1,0.0,rojo,Problema
2026-01-26,5,Lunes,SG-002-MER-PDM,SG,135,0,21510.34,3441.66,24952.0,235.4,44.77,22177.42,-667.07,0.97,verde,Saludable
2026-01-26,5,Lunes,SG-001-MER-LAISLA,SG,136,0,28911.8,3987.83,24923.97,201.85,44.54,45743.65,-20819.68,0.63,rojo,Problema
2026-01-26,5,Lunes,AMC-001-MER-MAIN,AMC,0,0,0.0,0.0,0.0,,,36087.1,-36087.1,0.0,rojo,Problema
2026-01-27,5,Martes,SG-002-MER-PDM,SG,118,0,20715.86,3314.54,24030.4,154.66,26.54,22177.42,-1461.56,0.93,amarillo,Saludable
2026-01-27,5,Martes,SG-001-MER-LAISLA,SG,124,0,24094.5,3323.38,20771.12,203.17,39.05,45743.65,-24972.53,0.53,rojo,Problema
2026-01-27,5,Martes,AMC-001-MER-MAIN,AMC,0,0,0.0,0.0,0.0,,,36087.1,-36087.1,0.0,rojo,Problema
2026-01-28,5,Miércoles,SG-002-MER-PDM,SG,114,0,19826.81,3172.29,22999.1,181.87,32.64,22177.42,-2350.61,0.89,amarillo,Riesgo
2026-01-28,5,Miércoles,AMC-001-MER-MAIN,AMC,0,0,0.0,0.0,0.0,,,36087.1,-36087.1,0.0,rojo,Problema
2026-01-28,5,Miércoles,SG-001-MER-LAISLA,SG,138,0,24247.2,3344.44,20902.76,218.96,41.24,45743.65,-24840.89,0.53,rojo,Problema
2026-01-29,5,Jueves,AMC-001-MER-MAIN,AMC,0,0,0.0,0.0,0.0,,,36087.1,-36087.1,0.0,rojo,Problema
2026-01-29,5,Jueves,SG-002-MER-PDM,SG,123,0,21209.48,3393.52,24603.0,180.94,43.39,22177.42,-967.94,0.96,verde,Saludable
2026-01-29,5,Jueves,SG-001-MER-LAISLA,SG,131,0,25162.8,3470.73,21692.07,246.04,34.73,45743.65,-24051.58,0.55,rojo,Problema
2026-01-30,5,Viernes,AMC-001-MER-MAIN,AMC,0,0,0.0,0.0,0.0,,,36087.1,-36087.1,0.0,rojo,Problema
2026-01-30,5,Viernes,SG-002-MER-PDM,SG,148,0,27666.98,4426.72,32093.7,273.2,41.39,22177.42,5489.56,1.0,verde,Excelente
2026-01-30,5,Viernes,SG-001-MER-LAISLA,SG,200,0,39601.0,5462.21,34138.79,230.3,41.55,45743.65,-11604.86,0.87,amarillo,Riesgo
2026-01-31,5,Sábado,AMC-001-MER-MAIN,AMC,0,0,0.0,0.0,0.0,,,36087.1,-36087.1,0.0,rojo,Problema
2026-01-31,5,Sábado,SG-002-MER-PDM,SG,232,0,41878.88,6700.62,48579.5,196.74,35.25,22177.42,19701.46,1.0,verde,Excelente
2026-01-31,5,Sábado,SG-001-MER-LAISLA,SG,291,0,59317.9,8181.78,51136.12,215.94,42.9,45743.65,5392.47,1.0,verde,Excelente
2026-02-01,5,Domingo,AMC-001-MER-MAIN,AMC,0,0,0.0,0.0,0.0,,,39953.57,-39953.57,0.0,rojo,Problema
2026-02-01,5,Domingo,SG-002-MER-PDM,SG,269,0,55591.81,8894.69,64486.5,204.63,36.45,24553.57,31038.24,1.0,verde,Excelente
2026-02-01,5,Domingo,SG-001-MER-LAISLA,SG,311,0,71685.4,9887.64,61797.76,219.79,42.13,50644.75,11153.0,1.0,verde,Excelente
2026-02-02,6,Lunes,SG-002-MER-PDM,SG,211,0,47360.78,7577.72,54938.5,177.07,40.28,24553.57,22807.2,1.0,verde,Excelente
2026-02-02,6,Lunes,SG-001-MER-LAISLA,SG,256,0,54945.4,7578.68,47366.72,209.45,43.23,50644.75,-3278.03,1.0,verde,Excelente
2026-02-02,6,Lunes,AMC-001-MER-MAIN,AMC,0,0,0.0,0.0,0.0,,,39953.57,-39953.57,0.0,rojo,Problema
2026-02-03,6,Martes,SG-001-MER-LAISLA,SG,123,0,25204.3,3476.46,21727.84,216.6,43.53,50644.75,-28916.91,0.5,rojo,Problema
2026-02-03,6,Martes,AMC-001-MER-MAIN,AMC,0,0,0.0,0.0,0.0,,,39953.57,-39953.57,0.0,rojo,Problema
2026-02-03,6,Martes,SG-002-MER-PDM,SG,103,0,16786.9,2685.9,19472.8,161.04,39.59,24553.57,-7766.67,0.68,rojo,Problema
2026-02-04,6,Miércoles,SG-001-MER-LAISLA,SG,116,0,22558.5,3111.52,19446.98,212.62,42.03,50644.75,-31197.77,0.45,rojo,Problema
2026-02-04,6,Miércoles,AMC-001-MER-MAIN,AMC,0,0,0.0,0.0,0.0,,,39953.57,-39953.57,0.0,rojo,Problema
2026-02-04,6,Miércoles,SG-002-MER-PDM,SG,116,0,19445.69,3111.31,22557.0,183.06,40.23,24553.57,-5107.88,0.79,rojo,Problema
2026-02-05,6,Jueves,SG-001-MER-LAISLA,SG,132,0,28958.9,3994.33,24964.57,218.33,41.78,50644.75,-25680.19,0.57,rojo,Problema
2026-02-05,6,Jueves,AMC-001-MER-MAIN,AMC,0,0,31294.52,5007.12,36301.64,,,39953.57,-8659.05,0.78,rojo,Problema
2026-02-05,6,Jueves,SG-002-MER-PDM,SG,103,0,16256.12,2600.98,18857.1,191.49,42.41,24553.57,-8297.45,0.66,rojo,Problema
2026-02-06,6,Viernes,SG-001-MER-LAISLA,SG,156,0,35521.8,4899.56,30622.24,205.67,44.38,50644.75,-20022.51,0.7,rojo,Problema
2026-02-06,6,Viernes,SG-002-MER-PDM,SG,148,0,27510.34,4401.66,31912.0,229.26,48.39,24553.57,2956.77,1.0,verde,Excelente
2026-02-06,6,Viernes,AMC-001-MER-MAIN,AMC,0,0,29074.59,4651.93,33726.52,,,39953.57,-10878.98,0.73,rojo,Problema
2026-02-07,6,Sábado,SG-002-MER-PDM,SG,182,0,34034.91,5445.59,39480.5,225.23,41.53,24553.57,9481.34,1.0,verde,Excelente
2026-02-07,6,Sábado,SG-001-MER-LAISLA,SG,262,0,55992.0,7723.03,48268.97,193.81,43.38,50644.75,-2375.79,1.0,verde,Excelente
2026-02-07,6,Sábado,AMC-001-MER-MAIN,AMC,0,0,60579.84,9692.77,70272.61,,,39953.57,20626.27,1.0,verde,Excelente
2026-02-08,6,Domingo,SG-002-MER-PDM,SG,173,0,33854.31,5416.69,39271.0,195.7,38.47,24553.57,9300.74,1.0,verde,Excelente
2026-02-08,6,Domingo,SG-001-MER-LAISLA,SG,191,0,46287.1,6384.43,39902.67,177.99,40.77,50644.75,-10742.08,0.91,amarillo,Saludable
2026-02-08,6,Domingo,AMC-001-MER-MAIN,AMC,0,0,94209.91,15073.59,109283.5,,,39953.57,54256.34,1.0,verde,Excelente
2026-02-09,7,Lunes,SG-002-MER-PDM,SG,109,0,18782.76,3005.24,21788.0,182.08,38.26,24553.57,-5770.81,0.76,rojo,Problema
2026-02-09,7,Lunes,SG-001-MER-LAISLA,SG,109,0,20418.3,2816.32,17601.98,213.66,41.49,50644.75,-33042.77,0.4,rojo,Problema
2026-02-09,7,Lunes,AMC-001-MER-MAIN,AMC,0,0,38095.31,6095.25,44190.56,,,39953.57,-1858.26,0.95,verde,Saludable
2026-02-10,7,Martes,SG-002-MER-PDM,SG,93,0,16908.79,2705.41,19614.2,186.55,35.02,24553.57,-7644.78,0.69,rojo,Problema
2026-02-10,7,Martes,SG-001-MER-LAISLA,SG,104,0,21478.0,2962.48,18515.52,173.78,42.73,50644.75,-32129.24,0.42,rojo,Problema
2026-02-10,7,Martes,AMC-001-MER-MAIN,AMC,0,0,34373.1,5499.7,39872.8,,,39953.57,-5580.47,0.86,amarillo,Riesgo
2026-02-11,7,Miércoles,SG-001-MER-LAISLA,SG,119,0,22160.8,3056.66,19104.14,193.75,39.64,50644.75,-31540.62,0.44,rojo,Problema
2026-02-11,7,Miércoles,AMC-001-MER-MAIN,AMC,0,0,43487.6,6958.02,50445.62,,,39953.57,3534.03,1.0,verde,Excelente
2026-02-11,7,Miércoles,SG-002-MER-PDM,SG,105,0,16721.55,2675.45,19397.0,168.6,36.16,24553.57,-7832.02,0.68,rojo,Problema
2026-02-12,7,Jueves,AMC-001-MER-MAIN,AMC,0,0,38936.89,6229.9,45166.79,,,39953.57,-1016.68,0.97,verde,Saludable
2026-02-12,7,Jueves,SG-002-MER-PDM,SG,113,0,19725.0,3156.0,22881.0,198.81,37.69,24553.57,-4828.57,0.8,rojo,Riesgo
2026-02-12,7,Jueves,SG-001-MER-LAISLA,SG,129,0,21846.1,3013.26,18832.84,204.22,38.47,50644.75,-31811.91,0.43,rojo,Problema
2026-02-13,7,Viernes,AMC-001-MER-MAIN,AMC,0,0,50632.54,8101.21,58733.75,,,39953.57,10678.97,1.0,verde,Excelente
2026-02-13,7,Viernes,SG-002-MER-PDM,SG,128,0,22595.69,3615.31,26211.0,178.01,39.86,24553.57,-1957.88,0.92,amarillo,Saludable
2026-02-13,7,Viernes,SG-001-MER-LAISLA,SG,158,0,30543.2,4212.86,26330.34,231.77,44.35,50644.75,-24314.41,0.6,rojo,Problema
2026-02-14,7,Sábado,AMC-001-MER-MAIN,AMC,0,0,84365.71,13498.51,97864.22,,,39953.57,44412.14,1.0,verde,Excelente
2026-02-14,7,Sábado,SG-002-MER-PDM,SG,142,0,27293.53,4366.97,31660.5,207.28,43.29,24553.57,2739.96,1.0,verde,Excelente
2026-02-14,7,Sábado,SG-001-MER-LAISLA,SG,179,0,36989.0,5101.93,31887.07,208.79,46.47,50644.75,-18757.69,0.73,rojo,Problema
2026-02-15,7,Domingo,AMC-001-MER-MAIN,AMC,0,0,90502.27,14480.36,104982.63,,,39953.57,50548.7,1.0,verde,Excelente
2026-02-15,7,Domingo,SG-002-MER-PDM,SG,139,0,28176.21,4508.19,32684.4,191.62,39.55,24553.57,3622.64,1.0,verde,Excelente
2026-02-15,7,Domingo,SG-001-MER-LAISLA,SG,255,0,55521.9,7658.19,47863.71,175.03,39.88,50644.75,-2781.05,1.0,verde,Excelente
2026-02-16,8,Lunes,AMC-001-MER-MAIN,AMC,0,0,44899.79,7183.97,52083.76,,,39953.57,4946.22,1.0,verde,Excelente
2026-02-16,8,Lunes,SG-001-MER-LAISLA,SG,169,0,31316.5,4319.52,26996.98,161.12,37.44,50644.75,-23647.77,0.62,rojo,Problema
2026-02-16,8,Lunes,SG-002-MER-PDM,SG,98,0,17023.28,2723.72,19747.0,178.3,38.91,24553.57,-7530.3,0.69,rojo,Problema
2026-02-17,8,Martes,SG-001-MER-LAISLA,SG,169,0,34131.6,4707.81,29423.79,179.43,38.91,50644.75,-21220.96,0.67,rojo,Problema
2026-02-17,8,Martes,AMC-001-MER-MAIN,AMC,0,0,68752.07,11000.33,79752.4,,,39953.57,28798.5,1.0,verde,Excelente
2026-02-17,8,Martes,SG-002-MER-PDM,SG,112,0,19108.28,3057.32,22165.6,185.37,36.66,24553.57,-5445.3,0.78,rojo,Problema
2026-02-18,8,Miércoles,SG-001-MER-LAISLA,SG,114,0,20196.5,2785.72,17410.78,218.33,40.63,50644.75,-33233.98,0.4,rojo,Problema
2026-02-18,8,Miércoles,AMC-001-MER-MAIN,AMC,0,0,40005.94,6400.95,46406.89,,,39953.57,52.37,1.0,verde,Excelente
2026-02-18,8,Miércoles,SG-002-MER-PDM,SG,81,0,14979.31,2396.69,17376.0,188.56,42.25,24553.57,-9574.26,0.61,rojo,Problema
2026-02-19,8,Jueves,SG-001-MER-LAISLA,SG,119,0,23249.6,3206.84,20042.76,207.82,41.14,50644.75,-30602.0,0.46,rojo,Problema
2026-02-19,8,Jueves,AMC-001-MER-MAIN,AMC,0,0,44489.62,7118.34,51607.96,,,39953.57,4536.05,1.0,verde,Excelente
2026-02-19,8,Jueves,SG-002-MER-PDM,SG,71,0,10625.71,1700.11,12325.82,190.19,40.36,24553.57,-13927.86,0.43,rojo,Problema
2026-02-20,8,Viernes,SG-001-MER-LAISLA,SG,162,0,30527.6,4210.7,26316.9,218.81,40.58,50644.75,-24327.86,0.6,rojo,Problema
2026-02-20,8,Viernes,AMC-001-MER-MAIN,AMC,0,0,57957.61,9273.22,67230.83,,,39953.57,18004.04,1.0,verde,Excelente
2026-02-20,8,Viernes,SG-002-MER-PDM,SG,108,0,17331.29,2773.01,20104.3,153.36,37.29,24553.57,-7222.28,0.71,rojo,Problema
2026-02-21,8,Sábado,SG-002-MER-PDM,SG,134,0,21992.67,3518.83,25511.5,201.9,38.83,24553.57,-2560.9,0.9,amarillo,Riesgo
2026-02-21,8,Sábado,SG-001-MER-LAISLA,SG,211,0,44004.4,6069.57,37934.83,208.32,39.9,50644.75,-12709.93,0.87,amarillo,Riesgo
2026-02-21,8,Sábado,AMC-001-MER-MAIN,AMC,0,0,65575.65,10492.1,76067.75,,,39953.57,25622.08,1.0,verde,Excelente
2026-02-22,8,Domingo,SG-002-MER-PDM,SG,192,0,33070.26,5291.24,38361.5,177.34,38.32,24553.57,8516.69,1.0,verde,Excelente
2026-02-22,8,Domingo,SG-001-MER-LAISLA,SG,225,0,48037.5,6625.86,41411.64,176.62,35.81,50644.75,-9233.12,0.95,verde,Saludable
2026-02-22,8,Domingo,AMC-001-MER-MAIN,AMC,0,0,104401.81,16704.29,121106.1,,,39953.57,64448.24,1.0,verde,Excelente
2026-02-23,9,Lunes,SG-002-MER-PDM,SG,100,0,17937.67,2870.03,20807.7,200.16,41.21,24553.57,-6615.9,0.73,rojo,Problema
2026-02-23,9,Lunes,SG-001-MER-LAISLA,SG,119,0,21751.5,3000.21,18751.29,225.95,37.06,50644.75,-31893.46,0.43,rojo,Problema
2026-02-23,9,Lunes,AMC-001-MER-MAIN,AMC,0,0,45940.58,7350.49,53291.07,,,39953.57,5987.01,1.0,verde,Excelente
2026-02-24,9,Martes,SG-002-MER-PDM,SG,77,0,13599.14,2175.86,15775.0,161.95,40.99,24553.57,-10954.43,0.55,rojo,Problema
2026-02-24,9,Martes,SG-001-MER-LAISLA,SG,103,0,23272.5,3210.0,20062.5,182.79,35.66,50644.75,-30582.25,0.46,rojo,Problema
2026-02-24,9,Martes,AMC-001-MER-MAIN,AMC,0,0,47124.78,7539.96,54664.74,,,39953.57,7171.21,1.0,verde,Excelente
2026-02-25,9,Miércoles,SG-001-MER-LAISLA,SG,89,0,15719.0,2168.14,13550.86,213.5,35.69,50644.75,-37093.89,0.31,rojo,Problema
2026-02-25,9,Miércoles,AMC-001-MER-MAIN,AMC,0,0,51622.97,8259.68,59882.65,,,39953.57,11669.4,1.0,verde,Excelente
2026-02-25,9,Miércoles,SG-002-MER-PDM,SG,84,0,15011.21,2401.79,17413.0,207.3,37.61,24553.57,-9542.36,0.61,rojo,Problema
2026-02-26,9,Jueves,AMC-001-MER-MAIN,AMC,0,0,55523.44,8883.75,64407.19,,,39953.57,15569.87,1.0,verde,Excelente
2026-02-26,9,Jueves,SG-002-MER-PDM,SG,82,0,11448.28,1831.72,13280.0,204.87,39.24,24553.57,-13105.3,0.47,rojo,Problema
2026-02-26,9,Jueves,SG-001-MER-LAISLA,SG,154,0,32080.8,4424.94,27655.86,208.55,37.8,50644.75,-22988.89,0.63,rojo,Problema
2026-02-27,9,Viernes,AMC-001-MER-MAIN,AMC,0,0,53103.48,8496.56,61600.04,,,39953.57,13149.91,1.0,verde,Excelente
2026-02-27,9,Viernes,SG-002-MER-PDM,SG,91,0,15702.59,2512.41,18215.0,208.08,39.33,24553.57,-8850.99,0.64,rojo,Problema
2026-02-27,9,Viernes,SG-001-MER-LAISLA,SG,135,0,29540.0,4074.48,25465.52,188.44,39.49,50644.75,-25179.24,0.58,rojo,Problema
2026-02-28,9,Sábado,AMC-001-MER-MAIN,AMC,0,0,75139.34,12022.29,87161.63,,,39953.57,35185.77,1.0,verde,Excelente
2026-02-28,9,Sábado,SG-002-MER-PDM,SG,129,0,19721.72,3155.48,22877.2,199.8,37.21,24553.57,-4831.85,0.8,rojo,Riesgo
2026-02-28,9,Sábado,SG-001-MER-LAISLA,SG,215,0,44681.5,6162.97,38518.53,195.37,42.2,50644.75,-12126.22,0.88,amarillo,Riesgo
2026-03-01,9,Domingo,AMC-001-MER-MAIN,AMC,0,0,103417.61,16546.82,119964.43,,,36087.1,67330.51,1.0,verde,Excelente
2026-03-01,9,Domingo,SG-002-MER-PDM,SG,145,0,25237.5,4038.0,29275.5,190.38,38.08,22177.42,3060.08,1.0,verde,Excelente
2026-03-01,9,Domingo,SG-001-MER-LAISLA,SG,233,0,50871.3,7016.73,43854.57,177.16,38.91,45743.65,-1889.08,1.0,verde,Excelente
2026-03-02,10,Lunes,SG-002-MER-PDM,SG,80,0,10576.81,1692.29,12269.1,186.15,40.78,22177.42,-11600.61,0.48,rojo,Problema
2026-03-02,10,Lunes,SG-001-MER-LAISLA,SG,85,0,15251.5,2103.66,13147.84,201.96,37.14,45743.65,-32595.8,0.33,rojo,Problema
2026-03-02,10,Lunes,AMC-001-MER-MAIN,AMC,0,0,43838.52,7014.16,50852.68,,,36087.1,7751.42,1.0,verde,Excelente
2026-03-03,10,Martes,SG-001-MER-LAISLA,SG,145,0,23361.8,3222.32,20139.48,191.22,38.24,45743.65,-25604.17,0.51,rojo,Problema
2026-03-03,10,Martes,AMC-001-MER-MAIN,AMC,0,0,39978.15,6396.5,46374.65,,,36087.1,3891.05,1.0,verde,Excelente
2026-03-03,10,Martes,SG-002-MER-PDM,SG,80,0,13116.81,2098.69,15215.5,173.6,34.72,22177.42,-9060.61,0.59,rojo,Problema
2026-03-04,10,Miércoles,SG-001-MER-LAISLA,SG,121,0,21178.1,2921.12,18256.98,217.73,37.44,45743.65,-27486.67,0.46,rojo,Problema
2026-03-04,10,Miércoles,AMC-001-MER-MAIN,AMC,0,0,33756.02,5400.96,39156.98,,,36087.1,-2331.08,0.94,amarillo,Saludable
2026-03-04,10,Miércoles,SG-002-MER-PDM,SG,67,0,10890.95,1742.55,12633.5,214.52,35.83,22177.42,-11286.47,0.49,rojo,Problema
2026-03-05,10,Jueves,SG-001-MER-LAISLA,SG,144,0,30066.0,4147.03,25918.97,206.64,36.26,45743.65,-19824.68,0.66,rojo,Problema
2026-03-05,10,Jueves,AMC-001-MER-MAIN,AMC,0,0,44122.53,7059.6,51182.13,,,36087.1,8035.43,1.0,verde,Excelente
2026-03-05,10,Jueves,SG-002-MER-PDM,SG,70,0,11186.12,1789.78,12975.9,197.91,41.35,22177.42,-10991.3,0.5,rojo,Problema
2026-03-06,10,Viernes,SG-001-MER-LAISLA,SG,164,0,38009.7,5242.72,32766.98,193.31,38.37,45743.65,-12976.67,0.83,rojo,Riesgo
2026-03-06,10,Viernes,SG-002-MER-PDM,SG,103,0,15831.47,2533.03,18364.5,201.5,36.98,22177.42,-6345.95,0.71,rojo,Problema
2026-03-06,10,Viernes,AMC-001-MER-MAIN,AMC,0,0,52057.27,8329.16,60386.43,,,36087.1,15970.17,1.0,verde,Excelente
2026-03-07,10,Sábado,SG-002-MER-PDM,SG,155,0,25604.48,4096.72,29701.2,235.14,38.96,22177.42,3427.06,1.0,verde,Excelente
2026-03-07,10,Sábado,SG-001-MER-LAISLA,SG,207,0,42273.5,5830.83,36442.67,169.35,36.84,45743.65,-9300.98,0.92,amarillo,Saludable
2026-03-07,10,Sábado,AMC-001-MER-MAIN,AMC,0,0,70448.45,11271.75,81720.2,,,36087.1,34361.35,1.0,verde,Excelente
2026-03-08,10,Domingo,SG-002-MER-PDM,SG,99,0,17690.52,2830.48,20521.0,222.96,39.53,22177.42,-4486.9,0.8,rojo,Problema
2026-03-08,10,Domingo,SG-001-MER-LAISLA,SG,240,0,46500.5,6413.86,40086.64,186.23,35.06,45743.65,-5657.01,1.0,verde,Excelente
2026-03-08,10,Domingo,AMC-001-MER-MAIN,AMC,0,0,98170.68,15707.31,113877.99,,,36087.1,62083.58,1.0,verde,Excelente
2026-03-09,11,Lunes,SG-002-MER-PDM,SG,73,0,11202.59,1792.41,12995.0,204.77,33.95,22177.42,-10974.83,0.51,rojo,Problema
2026-03-09,11,Lunes,SG-001-MER-LAISLA,SG,90,0,15640.0,2157.24,13482.76,206.52,40.22,45743.65,-32260.89,0.34,rojo,Problema
2026-03-09,11,Lunes,AMC-001-MER-MAIN,AMC,0,0,52484.04,8397.45,60881.49,,,36087.1,16396.94,1.0,verde,Excelente
2026-03-10,11,Martes,SG-002-MER-PDM,SG,69,0,11825.86,1892.14,13718.0,202.49,34.93,22177.42,-10351.56,0.53,rojo,Problema
2026-03-10,11,Martes,SG-001-MER-LAISLA,SG,107,0,22861.83,3153.36,19708.47,187.32,41.25,45743.65,-26035.18,0.5,rojo,Problema
2026-03-10,11,Martes,AMC-001-MER-MAIN,AMC,0,0,39634.38,6341.5,45975.88,,,36087.1,3547.28,1.0,verde,Excelente
2026-03-11,11,Miércoles,AMC-001-MER-MAIN,AMC,0,0,37484.47,5997.52,43481.99,,,36087.1,1397.37,1.0,verde,Excelente
2026-03-11,11,Miércoles,SG-002-MER-PDM,SG,86,0,12499.57,1999.93,14499.5,184.73,37.45,22177.42,-9677.85,0.56,rojo,Problema
2026-03-11,11,Miércoles,SG-001-MER-LAISLA,SG,145,0,25808.2,3559.75,22248.45,242.34,38.54,45743.65,-23495.2,0.56,rojo,Problema
2026-03-12,11,Jueves,SG-002-MER-PDM,SG,58,0,9327.59,1492.41,10820.0,210.91,37.43,22177.42,-12849.83,0.42,rojo,Problema
2026-03-12,11,Jueves,SG-001-MER-LAISLA,SG,154,0,29846.4,4116.74,25729.66,213.71,38.4,45743.65,-20013.99,0.65,rojo,Problema
2026-03-12,11,Jueves,AMC-001-MER-MAIN,AMC,0,0,44312.39,7089.98,51402.37,,,36087.1,8225.29,1.0,verde,Excelente
2026-03-13,11,Viernes,SG-002-MER-PDM,SG,108,0,16952.24,2712.36,19664.6,199.89,33.68,22177.42,-5225.18,0.76,rojo,Problema
2026-03-13,11,Viernes,SG-001-MER-LAISLA,SG,164,0,33729.4,4652.33,29077.07,227.7,36.51,45743.65,-16666.58,0.74,rojo,Problema
2026-03-13,11,Viernes,AMC-001-MER-MAIN,AMC,0,0,55185.0,8829.6,64014.6,,,36087.1,19097.9,1.0,verde,Excelente
2026-03-14,11,Sábado,SG-001-MER-LAISLA,SG,221,0,48251.8,6655.42,41596.38,219.39,37.32,45743.65,-4147.27,1.0,verde,Excelente
2026-03-14,11,Sábado,AMC-001-MER-MAIN,AMC,0,0,73706.23,11793.0,85499.23,,,36087.1,37619.13,1.0,verde,Excelente
2026-03-14,11,Sábado,SG-002-MER-PDM,SG,114,0,19232.59,3077.21,22309.8,227.0,38.65,22177.42,-2944.83,0.87,amarillo,Riesgo
2026-03-15,11,Domingo,SG-002-MER-PDM,SG,130,0,25241.81,4038.69,29280.5,216.93,37.04,22177.42,3064.39,1.0,verde,Excelente
2026-03-15,11,Domingo,SG-001-MER-LAISLA,SG,288,0,61234.4,8446.12,52788.28,194.46,35.86,45743.65,7044.63,1.0,verde,Excelente
2026-03-15,11,Domingo,AMC-001-MER-MAIN,AMC,0,0,100560.11,16089.62,116649.73,,,36087.1,64473.01,1.0,verde,Excelente
2026-03-16,12,Lunes,SG-002-MER-PDM,SG,99,0,19565.95,3130.55,22696.5,215.62,33.63,22177.42,-2611.47,0.88,amarillo,Riesgo
2026-03-16,12,Lunes,AMC-001-MER-MAIN,AMC,0,0,95077.27,15212.36,110289.63,,,36087.1,58990.17,1.0,verde,Excelente
2026-03-16,12,Lunes,SG-001-MER-LAISLA,SG,251,0,54366.0,7498.76,46867.24,204.91,38.13,45743.65,1123.59,1.0,verde,Excelente
2026-03-17,12,Martes,SG-001-MER-LAISLA,SG,129,0,27018.8,3726.73,23292.07,214.63,37.05,45743.65,-22451.58,0.59,rojo,Problema
2026-03-17,12,Martes,AMC-001-MER-MAIN,AMC,0,0,44664.81,7146.37,51811.18,,,36087.1,8577.71,1.0,verde,Excelente
2026-03-17,12,Martes,SG-002-MER-PDM,SG,97,0,16012.5,2562.0,18574.5,183.08,35.92,22177.42,-6164.92,0.72,rojo,Problema
2026-03-18,12,Miércoles,SG-002-MER-PDM,SG,80,0,12625.09,2020.01,14645.1,179.04,34.65,22177.42,-9552.33,0.57,rojo,Problema
2026-03-18,12,Miércoles,AMC-001-MER-MAIN,AMC,0,0,45324.0,7251.84,52575.84,,,36087.1,9236.9,1.0,verde,Excelente
2026-03-18,12,Miércoles,SG-001-MER-LAISLA,SG,138,0,30330.6,4183.53,26147.07,230.5,37.22,45743.65,-19596.58,0.66,rojo,Problema
2026-03-19,12,Jueves,SG-002-MER-PDM,SG,103,0,14299.57,2287.93,16587.5,189.06,33.75,22177.42,-7877.85,0.64,rojo,Problema
2026-03-19,12,Jueves,AMC-001-MER-MAIN,AMC,0,0,44066.32,7050.61,51116.93,,,36087.1,7979.22,1.0,verde,Excelente
2026-03-19,12,Jueves,SG-001-MER-LAISLA,SG,150,0,32391.7,4467.82,27923.88,203.84,35.39,45743.65,-17819.77,0.71,rojo,Problema
2026-03-20,12,Viernes,AMC-001-MER-MAIN,AMC,0,0,53267.18,8522.75,61789.93,,,36087.1,17180.08,1.0,verde,Excelente
2026-03-20,12,Viernes,SG-002-MER-PDM,SG,106,0,16180.17,2588.83,18769.0,260.37,39.84,22177.42,-5997.25,0.73,rojo,Problema
2026-03-20,12,Viernes,SG-001-MER-LAISLA,SG,190,0,43756.6,6035.39,37721.21,198.01,37.72,45743.65,-8022.44,0.96,verde,Saludable
2026-03-21,12,Sábado,SG-002-MER-PDM,SG,88,0,15523.79,2483.81,18007.6,239.73,35.87,22177.42,-6653.63,0.7,rojo,Problema
2026-03-21,12,Sábado,AMC-001-MER-MAIN,AMC,0,0,86909.93,13905.59,100815.52,,,36087.1,50822.83,1.0,verde,Excelente
2026-03-21,12,Sábado,SG-001-MER-LAISLA,SG,263,0,64709.4,8925.43,55783.97,192.08,38.48,45743.65,10040.32,1.0,verde,Excelente
2026-03-22,12,Domingo,SG-002-MER-PDM,SG,98,0,16621.55,2659.45,19281.0,209.39,34.58,22177.42,-5555.87,0.75,rojo,Problema
2026-03-22,12,Domingo,AMC-001-MER-MAIN,AMC,0,0,123485.77,19757.72,143243.49,,,36087.1,87398.67,1.0,verde,Excelente
2026-03-22,12,Domingo,SG-001-MER-LAISLA,SG,288,0,63061.5,8698.14,54363.36,175.7,35.4,45743.65,8619.71,1.0,verde,Excelente
2026-03-23,13,Lunes,SG-001-MER-LAISLA,SG,143,0,29053.8,4007.42,25046.38,203.65,42.91,45743.65,-20697.27,0.64,rojo,Problema
2026-03-23,13,Lunes,SG-002-MER-PDM,SG,30,0,7065.52,1130.48,8196.0,216.85,38.71,22177.42,-15111.9,0.32,rojo,Problema
2026-03-23,13,Lunes,AMC-001-MER-MAIN,AMC,0,0,47360.77,7577.72,54938.49,,,36087.1,11273.67,1.0,verde,Excelente
2026-03-24,13,Martes,SG-001-MER-LAISLA,SG,126,0,25432.6,3507.94,21924.66,212.59,41.3,45743.65,-23818.99,0.56,rojo,Problema
2026-03-24,13,Martes,AMC-001-MER-MAIN,AMC,0,0,41269.36,6603.1,47872.46,,,36087.1,5182.26,1.0,verde,Excelente
2026-03-24,13,Martes,SG-002-MER-PDM,SG,47,0,7331.29,1173.01,8504.3,200.02,37.5,22177.42,-14846.13,0.33,rojo,Problema
2026-03-25,13,Miércoles,SG-002-MER-PDM,SG,35,0,5487.5,878.0,6365.5,201.75,41.67,22177.42,-16689.92,0.25,rojo,Problema
2026-03-25,13,Miércoles,AMC-001-MER-MAIN,AMC,0,0,40101.91,6416.31,46518.22,,,36087.1,4014.81,1.0,verde,Excelente
2026-03-25,13,Miércoles,SG-001-MER-LAISLA,SG,152,0,30686.8,4232.66,26454.14,241.01,39.8,45743.65,-19289.51,0.67,rojo,Problema
2026-03-26,13,Jueves,AMC-001-MER-MAIN,AMC,0,0,41287.81,6606.05,47893.86,,,36087.1,5200.71,1.0,verde,Excelente
2026-03-26,13,Jueves,SG-001-MER-LAISLA,SG,114,0,24568.0,3388.69,21179.31,203.08,37.52,45743.65,-24564.34,0.54,rojo,Problema
2026-03-26,13,Jueves,SG-002-MER-PDM,SG,29,0,3866.59,618.66,4485.25,194.31,35.7,22177.42,-18310.82,0.17,rojo,Problema
2026-03-27,13,Viernes,SG-002-MER-PDM,SG,31,0,6290.95,1006.55,7297.5,184.83,36.59,22177.42,-15886.47,0.28,rojo,Problema
2026-03-27,13,Viernes,SG-001-MER-LAISLA,SG,186,0,39381.6,5431.94,33949.66,194.05,38.13,45743.65,-11793.99,0.86,amarillo,Riesgo
2026-03-27,13,Viernes,AMC-001-MER-MAIN,AMC,0,0,61675.41,9868.07,71543.48,,,36087.1,25588.31,1.0,verde,Excelente
2026-03-28,13,Sábado,SG-002-MER-PDM,SG,116,0,18747.07,2999.53,21746.6,228.86,39.72,22177.42,-3430.35,0.85,amarillo,Riesgo
2026-03-28,13,Sábado,AMC-001-MER-MAIN,AMC,0,0,80106.07,12816.97,92923.04,,,36087.1,44018.97,1.0,verde,Excelente
2026-03-28,13,Sábado,SG-001-MER-LAISLA,SG,233,0,46914.7,6470.99,40443.71,177.27,36.49,45743.65,-5299.94,1.0,verde,Excelente
2026-03-29,13,Domingo,SG-002-MER-PDM,SG,145,0,26188.19,4190.11,30378.3,229.48,39.42,22177.42,4010.77,1.0,verde,Excelente
2026-03-29,13,Domingo,AMC-001-MER-MAIN,AMC,0,0,103285.17,16525.63,119810.8,,,36087.1,67198.07,1.0,verde,Excelente
2026-03-29,13,Domingo,SG-001-MER-LAISLA,SG,271,0,63522.0,8761.66,54760.34,198.27,37.67,45743.65,9016.7,1.0,verde,Excelente
2026-03-30,14,Lunes,AMC-001-MER-MAIN,AMC,0,0,42689.2,6830.27,49519.47,,,36087.1,6602.1,1.0,verde,Excelente
2026-03-30,14,Lunes,SG-001-MER-LAISLA,SG,158,0,29950.1,4131.05,25819.05,211.34,39.91,45743.65,-19924.6,0.65,rojo,Problema
2026-03-30,14,Lunes,SG-002-MER-PDM,SG,59,0,12055.6,1928.9,13984.5,228.68,38.02,22177.42,-10121.82,0.54,rojo,Problema
2026-03-31,14,Martes,SG-001-MER-LAISLA,SG,154,0,31068.3,4285.28,26783.02,184.25,36.27,45743.65,-18960.63,0.68,rojo,Problema
2026-03-31,14,Martes,SG-002-MER-PDM,SG,73,0,13790.95,2206.55,15997.5,199.35,38.47,22177.42,-8386.47,0.62,rojo,Problema
2026-03-31,14,Martes,AMC-001-MER-MAIN,AMC,0,0,52409.25,8385.48,60794.73,,,36087.1,16322.15,1.0,verde,Excelente
2026-04-01,14,Miércoles,AMC-001-MER-MAIN,AMC,0,0,63758.85,10201.42,73960.27,,,37290.0,26468.85,1.0,verde,Excelente
2026-04-01,14,Miércoles,SG-002-MER-PDM,SG,70,0,14648.97,2343.83,16992.8,189.76,37.41,22916.67,-8267.7,0.64,rojo,Problema
2026-04-01,14,Miércoles,SG-001-MER-LAISLA,SG,172,0,39503.3,5448.73,34054.57,238.92,36.57,47268.44,-13213.87,0.84,rojo,Riesgo
2026-04-02,14,Jueves,SG-001-MER-LAISLA,SG,221,0,49212.3,6787.9,42424.4,239.14,37.19,47268.44,-4844.04,1.0,verde,Excelente
2026-04-02,14,Jueves,SG-002-MER-PDM,SG,120,0,27299.91,4367.99,31667.9,200.6,40.0,22916.67,4383.25,1.0,verde,Excelente
2026-04-02,14,Jueves,AMC-001-MER-MAIN,AMC,0,0,65966.37,10554.62,76520.99,,,37290.0,28676.37,1.0,verde,Excelente
2026-04-03,14,Viernes,SG-001-MER-LAISLA,SG,198,0,42391.5,5847.1,36544.4,197.69,36.86,47268.44,-10724.04,0.9,amarillo,Riesgo
2026-04-03,14,Viernes,SG-002-MER-PDM,SG,173,0,29401.94,4704.31,34106.25,197.26,38.13,22916.67,6485.27,1.0,verde,Excelente
2026-04-03,14,Viernes,AMC-001-MER-MAIN,AMC,0,0,87847.88,14055.66,101903.54,,,37290.0,50557.88,1.0,verde,Excelente
2026-04-04,14,Sábado,SG-002-MER-PDM,SG,186,0,40241.64,6438.66,46680.3,243.87,37.68,22916.67,17324.97,1.0,verde,Excelente
2026-04-04,14,Sábado,SG-001-MER-LAISLA,SG,255,0,56891.8,7847.14,49044.66,220.81,39.19,47268.44,1776.22,1.0,verde,Excelente
2026-04-04,14,Sábado,AMC-001-MER-MAIN,AMC,0,0,88482.56,14157.21,102639.77,,,37290.0,51192.56,1.0,verde,Excelente
2026-04-05,14,Domingo,AMC-001-MER-MAIN,AMC,0,0,103224.65,16515.94,119740.59,,,37290.0,65934.65,1.0,verde,Excelente
2026-04-05,14,Domingo,SG-002-MER-PDM,SG,182,0,30811.47,4929.83,35741.3,255.18,40.41,22916.67,7894.8,1.0,verde,Excelente
2026-04-05,14,Domingo,SG-001-MER-LAISLA,SG,270,0,53530.7,7383.54,46147.16,212.65,40.74,47268.44,-1121.28,1.0,verde,Excelente
2026-04-06,15,Lunes,SG-002-MER-PDM,SG,96,0,17266.81,2762.69,20029.5,208.12,35.56,22916.67,-5649.86,0.75,rojo,Problema
2026-04-06,15,Lunes,SG-001-MER-LAISLA,SG,146,0,27008.8,3725.35,23283.45,183.31,39.39,47268.44,-23984.99,0.57,rojo,Problema
2026-04-06,15,Lunes,AMC-001-MER-MAIN,AMC,0,0,53269.56,8523.13,61792.69,,,37290.0,15979.56,1.0,verde,Excelente
2026-04-07,15,Martes,SG-001-MER-LAISLA,SG,160,0,31262.0,4312.0,26950.0,192.92,39.43,47268.44,-20318.44,0.66,rojo,Problema
2026-04-07,15,Martes,SG-002-MER-PDM,SG,126,0,19767.5,3162.8,22930.3,208.34,36.71,22916.67,-3149.17,0.86,amarillo,Riesgo
2026-04-07,15,Martes,AMC-001-MER-MAIN,AMC,0,0,53580.15,8572.82,62152.97,,,37290.0,16290.15,1.0,verde,Excelente
2026-04-08,15,Miércoles,AMC-001-MER-MAIN,AMC,0,0,54887.92,8782.07,63669.99,,,37290.0,17597.92,1.0,verde,Excelente
2026-04-08,15,Miércoles,SG-002-MER-PDM,SG,108,0,20036.42,3205.83,23242.25,211.17,35.97,22916.67,-2880.24,0.87,amarillo,Riesgo
2026-04-08,15,Miércoles,SG-001-MER-LAISLA,SG,142,0,29983.8,4135.7,25848.1,239.18,38.54,47268.44,-21420.33,0.63,rojo,Problema
2026-04-09,15,Jueves,SG-001-MER-LAISLA,SG,151,0,30700.6,4234.57,26466.03,227.54,40.09,47268.44,-20802.4,0.65,rojo,Problema
2026-04-09,15,Jueves,AMC-001-MER-MAIN,AMC,0,0,53927.61,8628.42,62556.03,,,37290.0,16637.61,1.0,verde,Excelente
2026-04-09,15,Jueves,SG-002-MER-PDM,SG,113,0,18149.35,2903.9,21053.25,201.61,36.95,22916.67,-4767.31,0.79,rojo,Problema
2026-04-10,15,Viernes,SG-001-MER-LAISLA,SG,161,0,39905.8,5504.25,34401.55,192.28,39.85,47268.44,-12866.89,0.84,rojo,Riesgo
2026-04-10,15,Viernes,AMC-001-MER-MAIN,AMC,0,0,57843.01,9254.88,67097.89,,,37290.0,20553.01,1.0,verde,Excelente
2026-04-10,15,Viernes,SG-002-MER-PDM,SG,123,0,22300.04,3568.01,25868.05,207.95,41.45,22916.67,-616.62,0.97,verde,Saludable
2026-04-11,15,Sábado,AMC-001-MER-MAIN,AMC,0,0,81623.49,13059.76,94683.25,,,37290.0,44333.49,1.0,verde,Excelente
2026-04-11,15,Sábado,SG-002-MER-PDM,SG,129,0,24969.4,3995.1,28964.5,217.2,40.09,22916.67,2052.73,1.0,verde,Excelente
2026-04-11,15,Sábado,SG-001-MER-LAISLA,SG,223,0,52212.9,7201.78,45011.12,215.48,39.28,47268.44,-2257.32,1.0,verde,Excelente
2026-04-12,15,Domingo,SG-002-MER-PDM,SG,133,0,23745.34,3799.26,27544.6,209.81,40.82,22916.67,828.68,1.0,verde,Excelente
2026-04-12,15,Domingo,AMC-001-MER-MAIN,AMC,0,0,100106.43,16017.03,116123.46,,,37290.0,62816.43,1.0,verde,Excelente
2026-04-12,15,Domingo,SG-001-MER-LAISLA,SG,261,0,51439.5,7095.1,44344.4,200.51,40.0,47268.44,-2924.04,1.0,verde,Excelente
2026-04-13,16,Lunes,SG-002-MER-PDM,SG,65,0,12404.65,1984.74,14389.39,211.53,36.11,22916.67,-10512.02,0.54,rojo,Problema
2026-04-13,16,Lunes,SG-001-MER-LAISLA,SG,101,0,21651.2,2986.37,18664.83,225.24,40.95,47268.44,-28603.61,0.46,rojo,Problema
2026-04-13,16,Lunes,AMC-001-MER-MAIN,AMC,0,0,41405.45,6624.87,48030.32,,,37290.0,4115.45,1.0,verde,Excelente
2026-04-14,16,Martes,SG-001-MER-LAISLA,SG,124,0,24740.0,3412.41,21327.59,221.89,46.27,47268.44,-25940.85,0.52,rojo,Problema
2026-04-14,16,Martes,AMC-001-MER-MAIN,AMC,0,0,38106.22,6097.0,44203.22,,,37290.0,816.22,1.0,verde,Excelente
2026-04-14,16,Martes,SG-002-MER-PDM,SG,85,0,13318.97,2131.03,15450.0,218.25,39.99,22916.67,-9597.7,0.58,rojo,Problema
2026-04-15,16,Miércoles,SG-002-MER-PDM,SG,65,0,9637.07,1541.93,11179.0,204.92,39.59,22916.67,-13279.6,0.42,rojo,Problema
2026-04-15,16,Miércoles,SG-001-MER-LAISLA,SG,119,0,19364.5,2670.97,16693.53,236.67,38.21,47268.44,-30574.9,0.41,rojo,Problema
2026-04-15,16,Miércoles,AMC-001-MER-MAIN,AMC,0,0,42514.0,6802.24,49316.24,,,37290.0,5224.0,1.0,verde,Excelente
2026-04-16,16,Jueves,AMC-001-MER-MAIN,AMC,0,0,41087.63,6574.02,47661.65,,,37290.0,3797.63,1.0,verde,Excelente
2026-04-16,16,Jueves,SG-002-MER-PDM,SG,70,0,12436.03,1989.77,14425.8,206.35,38.13,22916.67,-10480.63,0.54,rojo,Problema
2026-04-16,16,Jueves,SG-001-MER-LAISLA,SG,137,0,25869.0,3568.14,22300.86,239.87,38.96,47268.44,-24967.58,0.55,rojo,Problema
2026-04-17,16,Viernes,AMC-001-MER-MAIN,AMC,0,0,41457.38,6633.18,48090.56,,,37290.0,4167.38,1.0,verde,Excelente
2026-04-17,16,Viernes,SG-001-MER-LAISLA,SG,163,0,33333.3,4597.7,28735.6,216.65,42.62,47268.44,-18532.83,0.71,rojo,Problema
2026-04-17,16,Viernes,SG-002-MER-PDM,SG,71,0,11508.62,1841.38,13350.0,221.76,38.98,22916.67,-11408.05,0.5,rojo,Problema
2026-04-18,16,Sábado,SG-002-MER-PDM,SG,115,0,21926.68,3508.27,25434.95,233.89,39.22,22916.67,-989.99,0.96,verde,Saludable
2026-04-18,16,Sábado,SG-001-MER-LAISLA,SG,281,0,61742.0,8516.14,53225.86,266.28,36.92,47268.44,5957.42,1.0,verde,Excelente
2026-04-18,16,Sábado,AMC-001-MER-MAIN,AMC,0,0,78249.49,12519.92,90769.41,,,37290.0,40959.49,1.0,verde,Excelente
2026-04-19,16,Domingo,SG-001-MER-LAISLA,SG,295,0,65233.6,8997.74,56235.86,179.72,,47268.44,8967.42,1.0,verde,Excelente
2026-04-19,16,Domingo,AMC-001-MER-MAIN,AMC,0,0,94463.94,15114.23,109578.17,,,37290.0,57173.94,1.0,verde,Excelente
2026-04-19,16,Domingo,SG-002-MER-PDM,SG,148,0,25761.21,4121.79,29883.0,256.64,38.54,22916.67,2844.54,1.0,verde,Excelente
2026-04-20,17,Lunes,AMC-001-MER-MAIN,AMC,0,0,33684.39,5389.5,39073.89,,,37290.0,-3605.61,0.9,amarillo,Saludable
2026-04-20,17,Lunes,SG-002-MER-PDM,SG,72,0,11687.59,1870.01,13557.6,215.52,,22916.67,-11229.08,0.51,rojo,Problema
2026-04-20,17,Lunes,SG-001-MER-LAISLA,SG,97,0,21199.1,2924.01,18275.09,,,47268.44,-28993.35,0.45,rojo,Problema
2026-04-21,17,Martes,SG-002-MER-PDM,SG,78,0,15673.88,2507.82,18181.7,170.39,,22916.67,-7242.79,0.68,rojo,Problema
2026-04-21,17,Martes,AMC-001-MER-MAIN,AMC,0,0,29894.2,4783.07,34677.27,,,37290.0,-7395.8,0.8,rojo,Riesgo
2026-04-21,17,Martes,SG-001-MER-LAISLA,SG,139,0,28584.2,3942.65,24641.55,,,47268.44,-22626.89,0.6,rojo,Problema
2026-04-22,17,Miércoles,SG-001-MER-LAISLA,SG,120,0,20054.0,2766.07,17287.93,,,47268.44,-29980.51,0.42,rojo,Problema
2026-04-22,17,Miércoles,AMC-001-MER-MAIN,AMC,0,0,45376.36,7260.22,52636.58,,,37290.0,8086.36,1.0,verde,Excelente
2026-04-22,17,Miércoles,SG-002-MER-PDM,SG,65,0,12076.38,1932.22,14008.6,193.32,,22916.67,-10840.29,0.53,rojo,Problema
2026-04-23,17,Jueves,AMC-001-MER-MAIN,AMC,0,0,36790.43,5886.47,42676.9,,,37290.0,-499.57,0.99,verde,Saludable
2026-04-23,17,Jueves,SG-002-MER-PDM,SG,64,0,9401.03,1504.17,10905.2,219.31,,22916.67,-13515.63,0.41,rojo,Problema
2026-04-23,17,Jueves,SG-001-MER-LAISLA,SG,158,0,34029.0,4693.66,29335.34,167.12,,47268.44,-17933.09,0.72,rojo,Problema
2026-04-24,17,Viernes,SG-001-MER-LAISLA,SG,174,0,35048.4,4834.26,30214.14,215.37,,47268.44,-17054.3,0.74,rojo,Problema
2026-04-24,17,Viernes,SG-002-MER-PDM,SG,107,0,17832.41,2853.19,20685.6,219.84,,22916.67,-5084.25,0.78,rojo,Problema
2026-04-24,17,Viernes,AMC-001-MER-MAIN,AMC,0,0,51513.61,8242.18,59755.79,,,37290.0,14223.61,1.0,verde,Excelente
2026-04-25,17,Sábado,SG-001-MER-LAISLA,SG,195,0,42845.6,5909.74,36935.86,201.43,,47268.44,-10332.58,0.91,amarillo,Saludable
2026-04-25,17,Sábado,SG-002-MER-PDM,SG,105,0,19851.21,3176.19,23027.4,241.62,35.12,22916.67,-3065.46,0.87,amarillo,Riesgo
2026-04-25,17,Sábado,AMC-001-MER-MAIN,AMC,0,0,78696.0,12591.36,91287.36,,,37290.0,41406.0,1.0,verde,Excelente
2026-04-26,17,Domingo,SG-002-MER-PDM,SG,102,0,19330.86,3092.94,22423.8,253.73,36.86,22916.67,-3585.8,0.84,rojo,Riesgo
2026-04-26,17,Domingo,SG-001-MER-LAISLA,SG,210,0,37740.5,5205.59,32534.91,219.72,,47268.44,-14733.52,0.8,rojo,Problema
2026-04-26,17,Domingo,AMC-001-MER-MAIN,AMC,0,0,96453.75,15432.6,111886.35,,,37290.0,59163.75,1.0,verde,Excelente
2026-04-27,18,Lunes,SG-001-MER-LAISLA,SG,118,0,23492.5,3240.34,20252.16,,,47268.44,-27016.28,0.5,rojo,Problema
2026-04-27,18,Lunes,SG-002-MER-PDM,SG,77,0,12098.45,1935.75,14034.2,,,22916.67,-10818.22,0.53,rojo,Problema
2026-04-27,18,Lunes,AMC-001-MER-MAIN,AMC,0,0,37458.02,5993.28,43451.3,,,37290.0,168.02,1.0,verde,Excelente
2026-04-28,18,Martes,SG-001-MER-LAISLA,SG,97,0,18747.0,2585.79,16161.21,,,47268.44,-31107.23,0.4,rojo,Problema
2026-04-28,18,Martes,SG-002-MER-PDM,SG,40,0,5048.45,807.75,5856.2,,,22916.67,-17868.22,0.22,rojo,Problema
2026-04-28,18,Martes,AMC-001-MER-MAIN,AMC,0,0,28644.13,4583.06,33227.19,,,37290.0,-8645.87,0.77,rojo,Problema
2026-04-29,18,Miércoles,SG-001-MER-LAISLA,SG,90,0,19130.31,2638.66,16491.65,,,47268.44,-30776.79,0.4,rojo,Problema
2026-04-29,18,Miércoles,AMC-001-MER-MAIN,AMC,0,0,36752.05,5880.33,42632.38,,,37290.0,-537.95,0.99,verde,Saludable
2026-04-29,18,Miércoles,SG-002-MER-PDM,SG,68,0,9501.12,1520.18,11021.3,,,22916.67,-13415.55,0.41,rojo,Problema
2026-04-30,18,Jueves,SG-001-MER-LAISLA,SG,145,0,24643.8,3399.14,21244.66,,,47268.44,-26023.78,0.52,rojo,Problema
2026-04-30,18,Jueves,SG-002-MER-PDM,SG,71,0,9856.47,1577.03,11433.5,,,22916.67,-13060.2,0.43,rojo,Problema
2026-04-30,18,Jueves,AMC-001-MER-MAIN,AMC,0,0,41355.46,6616.87,47972.33,,,37290.0,4065.46,1.0,verde,Excelente
2026-05-01,18,Viernes,AMC-001-MER-MAIN,AMC,0,0,82435.49,13189.68,95625.17,,,36087.1,46348.39,1.0,verde,Excelente
2026-05-01,18,Viernes,SG-001-MER-LAISLA,SG,246,0,50578.1,6976.29,43601.81,,,45743.65,-2141.84,1.0,verde,Excelente
2026-05-01,18,Viernes,SG-002-MER-PDM,SG,109,0,19722.67,3155.63,22878.3,,,22177.42,-2454.75,0.89,amarillo,Riesgo
2026-05-02,18,Sábado,AMC-001-MER-MAIN,AMC,0,0,69530.76,11124.92,80655.68,,,36087.1,33443.66,1.0,verde,Excelente
2026-05-02,18,Sábado,SG-001-MER-LAISLA,SG,197,0,47440.3,6543.49,40896.81,,,45743.65,-4846.84,1.0,verde,Excelente
2026-05-02,18,Sábado,SG-002-MER-PDM,SG,148,0,20485.86,3277.74,23763.6,,,22177.42,-1691.56,0.92,amarillo,Saludable
2026-05-03,18,Domingo,AMC-001-MER-MAIN,AMC,0,0,93947.46,15031.59,108979.05,,,36087.1,57860.36,1.0,verde,Excelente
2026-05-03,18,Domingo,SG-001-MER-LAISLA,SG,227,0,48246.0,6654.62,41591.38,,,45743.65,-4152.27,1.0,verde,Excelente
2026-05-03,18,Domingo,SG-002-MER-PDM,SG,111,0,20002.59,3200.41,23203.0,,,22177.42,-2174.83,0.9,amarillo,Saludable
2026-05-04,19,Lunes,AMC-001-MER-MAIN,AMC,0,0,49417.32,7906.77,57324.09,,,36087.1,13330.22,1.0,verde,Excelente
2026-05-04,19,Lunes,SG-001-MER-LAISLA,SG,157,0,27956.6,3856.08,24100.52,,,45743.65,-21643.13,0.61,rojo,Problema
2026-05-04,19,Lunes,SG-002-MER-PDM,SG,199,0,13075.43,2092.07,15167.5,,,22177.42,-9101.99,0.59,rojo,Problema
2026-05-05,19,Martes,SG-001-MER-LAISLA,SG,133,0,27401.7,3779.54,23622.16,,,45743.65,-22121.49,0.6,rojo,Problema
2026-05-05,19,Martes,SG-002-MER-PDM,SG,68,0,12546.12,2007.38,14553.5,,,22177.42,-9631.3,0.57,rojo,Problema
2026-05-05,19,Martes,AMC-001-MER-MAIN,AMC,0,0,54026.31,8644.21,62670.52,,,36087.1,17939.21,1.0,verde,Excelente
2026-05-06,19,Miércoles,AMC-001-MER-MAIN,AMC,0,0,30325.47,4852.08,35177.55,,,36087.1,-5761.63,0.84,rojo,Riesgo
2026-05-06,19,Miércoles,SG-002-MER-PDM,SG,58,0,11132.76,1781.24,12914.0,,,22177.42,-11044.66,0.5,rojo,Problema
2026-05-06,19,Miércoles,SG-001-MER-LAISLA,SG,122,0,24006.5,3311.24,20695.26,,,45743.65,-25048.39,0.52,rojo,Problema
2026-05-07,19,Jueves,SG-001-MER-LAISLA,SG,116,0,20994.3,2895.77,18098.53,,,45743.65,-27645.11,0.46,rojo,Problema
2026-05-07,19,Jueves,SG-002-MER-PDM,SG,58,0,10219.83,1635.17,11855.0,,,22177.42,-11957.59,0.46,rojo,Problema
2026-05-07,19,Jueves,AMC-001-MER-MAIN,AMC,0,0,34941.85,5590.7,40532.55,,,36087.1,-1145.25,0.97,verde,Saludable
2026-05-08,19,Viernes,SG-001-MER-LAISLA,SG,177,0,34835.75,4804.93,30030.82,,,45743.65,-15712.83,0.76,rojo,Problema
2026-05-08,19,Viernes,AMC-001-MER-MAIN,AMC,0,0,54254.84,8680.77,62935.61,,,36087.1,18167.74,1.0,verde,Excelente
2026-05-08,19,Viernes,SG-002-MER-PDM,SG,91,0,14619.83,2339.17,16959.0,,,22177.42,-7557.59,0.66,rojo,Problema
2026-05-09,19,Sábado,SG-002-MER-PDM,SG,104,0,19390.95,3102.55,22493.5,,,22177.42,-2786.47,0.87,amarillo,Riesgo
2026-05-09,19,Sábado,AMC-001-MER-MAIN,AMC,0,0,96977.42,15516.39,112493.81,,,36087.1,60890.32,1.0,verde,Excelente
2026-05-09,19,Sábado,SG-001-MER-LAISLA,SG,231,0,41602.75,5738.31,35864.44,,,45743.65,-9879.21,0.91,amarillo,Saludable
2026-05-10,19,Domingo,SG-001-MER-LAISLA,SG,225,0,55000.25,7586.24,47414.01,,,45743.65,1670.36,1.0,verde,Excelente
2026-05-10,19,Domingo,AMC-001-MER-MAIN,AMC,0,0,143268.93,22923.03,166191.96,,,36087.1,107181.83,1.0,verde,Excelente
2026-05-10,19,Domingo,SG-002-MER-PDM,SG,139,0,26007.07,4161.13,30168.2,,,22177.42,3829.65,1.0,verde,Excelente
2026-05-11,20,Lunes,AMC-001-MER-MAIN,AMC,0,0,55027.19,8804.35,63831.54,,,36087.1,18940.09,1.0,verde,Excelente
2026-05-11,20,Lunes,SG-001-MER-LAISLA,SG,102,0,18080.39,2892.86,20973.25,205.62,,45743.65,-27663.26,0.4,rojo,Problema
2026-05-11,20,Lunes,SG-002-MER-PDM,SG,60,0,8240.95,1318.55,9559.5,159.33,,22177.42,-13936.47,0.37,rojo,Problema
2026-05-12,20,Martes,AMC-001-MER-MAIN,AMC,0,0,47516.43,7602.63,55119.06,,,36087.1,11429.33,1.0,verde,Excelente
2026-05-12,20,Martes,SG-001-MER-LAISLA,SG,108,0,16725.3,2676.05,19401.35,179.64,,45743.65,-29018.35,0.37,rojo,Problema
2026-05-12,20,Martes,SG-002-MER-PDM,SG,74,0,11350.86,1816.14,13167.0,177.93,,22177.42,-10826.56,0.51,rojo,Problema
2026-05-13,20,Miércoles,AMC-001-MER-MAIN,AMC,0,0,38843.86,6215.02,45058.88,,,36087.1,2756.76,1.0,verde,Excelente
2026-05-13,20,Miércoles,SG-002-MER-PDM,SG,91,0,13907.33,2225.17,16132.5,177.28,,22177.42,-8270.09,0.63,rojo,Problema
2026-05-13,20,Miércoles,SG-001-MER-LAISLA,SG,117,0,17018.32,2722.93,19741.25,168.73,,45743.65,-28725.33,0.37,rojo,Problema
2026-05-14,20,Jueves,SG-002-MER-PDM,SG,90,0,14247.41,2279.59,16527.0,183.63,,22177.42,-7930.01,0.64,rojo,Problema
2026-05-14,20,Jueves,SG-001-MER-LAISLA,SG,158,0,23351.94,3736.31,27088.25,171.44,,45743.65,-22391.71,0.51,rojo,Problema
2026-05-14,20,Jueves,AMC-001-MER-MAIN,AMC,0,0,44323.0,7091.68,51414.68,,,36087.1,8235.9,1.0,verde,Excelente
2026-05-15,20,Viernes,AMC-001-MER-MAIN,AMC,0,0,63603.19,10176.51,73779.7,,,36087.1,27516.09,1.0,verde,Excelente
2026-05-15,20,Viernes,SG-002-MER-PDM,SG,130,0,21119.61,3379.14,24498.75,188.45,,22177.42,-1057.81,0.95,verde,Saludable
2026-05-15,20,Viernes,SG-001-MER-LAISLA,SG,205,0,30535.34,4885.66,35421.0,172.79,,45743.65,-15208.3,0.67,rojo,Problema
2026-05-16,20,Sábado,AMC-001-MER-MAIN,AMC,0,0,90505.49,14480.88,104986.37,,,36087.1,54418.39,1.0,verde,Excelente
2026-05-16,20,Sábado,SG-002-MER-PDM,SG,113,0,21441.81,3430.69,24872.5,220.11,,22177.42,-735.61,0.97,verde,Saludable
2026-05-16,20,Sábado,SG-001-MER-LAISLA,SG,241,0,40663.36,6506.14,47169.5,195.72,,45743.65,-5080.29,0.89,amarillo,Riesgo
2026-05-17,20,Domingo,SG-002-MER-PDM,SG,158,0,28738.79,4598.21,33337.0,210.99,,22177.42,6561.37,1.0,verde,Excelente
2026-05-17,20,Domingo,SG-001-MER-LAISLA,SG,244,0,46099.78,7375.97,53475.75,219.16,,45743.65,356.14,1.0,verde,Excelente
2026-05-17,20,Domingo,AMC-001-MER-MAIN,AMC,0,0,93696.85,14991.5,108688.35,,,36087.1,57609.75,1.0,verde,Excelente
2026-05-18,21,Lunes,AMC-001-MER-MAIN,AMC,0,0,94662.85,15146.06,109808.91,,,36087.1,58575.75,1.0,verde,Excelente
2026-05-18,21,Lunes,SG-002-MER-PDM,SG,79,0,14982.54,2397.21,17379.75,220.0,,22177.42,-7194.88,0.68,rojo,Problema
2026-05-18,21,Lunes,SG-001-MER-LAISLA,SG,155,0,24460.99,3913.76,28374.75,183.06,,45743.65,-21282.66,0.53,rojo,Problema
2026-05-19,21,Martes,SG-002-MER-PDM,SG,94,0,15936.42,2549.83,18486.25,196.66,,22177.42,-6241.0,0.72,rojo,Problema
2026-05-19,21,Martes,AMC-001-MER-MAIN,AMC,0,0,27955.44,4472.87,32428.31,,,36087.1,-8131.66,0.77,rojo,Problema
2026-05-19,21,Martes,SG-001-MER-LAISLA,SG,111,0,18000.43,2880.07,20880.5,188.11,,45743.65,-27743.22,0.39,rojo,Problema
2026-05-20,21,Miércoles,AMC-001-MER-MAIN,AMC,0,0,34527.48,5524.4,40051.88,,,36087.1,-1559.62,0.96,verde,Saludable
2026-05-20,21,Miércoles,SG-001-MER-LAISLA,SG,115,0,20189.87,3230.38,23420.25,203.65,,45743.65,-25553.78,0.44,rojo,Problema
2026-05-20,21,Miércoles,SG-002-MER-PDM,SG,110,0,17712.84,2834.06,20546.9,186.79,,22177.42,-4464.57,0.8,rojo,Problema
2026-05-21,21,Jueves,SG-001-MER-LAISLA,SG,105,0,16818.1,2690.9,19509.0,185.8,,45743.65,-28925.55,0.37,rojo,Problema
2026-05-21,21,Jueves,SG-002-MER-PDM,SG,87,0,16402.84,2624.46,19027.3,218.7,,22177.42,-5774.57,0.74,rojo,Problema
2026-05-21,21,Jueves,AMC-001-MER-MAIN,AMC,0,0,33204.55,5312.73,38517.28,,,36087.1,-2882.55,0.92,amarillo,Saludable
2026-05-22,21,Viernes,SG-001-MER-LAISLA,SG,181,0,28927.59,4628.41,33556.0,185.39,,45743.65,-16816.06,0.63,rojo,Problema
2026-05-22,21,Viernes,SG-002-MER-PDM,SG,120,0,20910.34,3345.66,24256.0,202.13,,22177.42,-1267.07,0.94,amarillo,Saludable
2026-05-22,21,Viernes,AMC-001-MER-MAIN,AMC,0,0,39661.44,6345.83,46007.27,,,36087.1,3574.34,1.0,verde,Excelente
2026-05-23,21,Sábado,SG-002-MER-PDM,SG,183,0,27901.94,4464.31,32366.25,176.86,,22177.42,5724.52,1.0,verde,Excelente
2026-05-23,21,Sábado,AMC-001-MER-MAIN,AMC,0,0,40023.13,6403.7,46426.83,,,36087.1,3936.03,1.0,verde,Excelente
2026-05-23,21,Sábado,SG-001-MER-LAISLA,SG,182,0,32393.53,5182.97,37576.5,206.46,,45743.65,-13350.11,0.71,rojo,Problema
2026-05-24,21,Domingo,SG-001-MER-LAISLA,SG,236,0,40392.67,6462.83,46855.5,198.54,,45743.65,-5350.98,0.88,amarillo,Riesgo
2026-05-24,21,Domingo,AMC-001-MER-MAIN,AMC,0,0,87685.58,14029.69,101715.27,,,36087.1,51598.48,1.0,verde,Excelente
2026-05-24,21,Domingo,SG-002-MER-PDM,SG,139,0,24338.58,3894.17,28232.75,203.11,,22177.42,2161.16,1.0,verde,Excelente
