branch_code,brand_code,periodo,mes,año,mes_num,categoria,concepto,monto
SG-001-MER-LAISLA,SG,2026-01,Enero,2026,1,ingresos,INGRESOS POR VENTAS 16%,1046817.0
SG-001-MER-LAISLA,SG,2026-02,Febrero,2026,2,ingresos,INGRESOS POR VENTAS 16%,818634.0
SG-001-MER-LAISLA,SG,2026-03,Marzo,2026,3,ingresos,INGRESOS POR VENTAS 16%,983701.0
SG-001-MER-LAISLA,SG,2026-04,Abril,2026,4,ingresos,INGRESOS POR VENTAS 16%,915076.0
SG-001-MER-LAISLA,SG,2026-01,Enero,2026,1,costo_ventas,COMPRAS DE INVENTARIOS,287532.0
SG-001-MER-LAISLA,SG,2026-02,Febrero,2026,2,costo_ventas,COMPRAS DE INVENTARIOS,153566.0
SG-001-MER-LAISLA,SG,2026-03,Marzo,2026,3,costo_ventas,COMPRAS DE INVENTARIOS,251126.0
SG-001-MER-LAISLA,SG,2026-04,Abril,2026,4,costo_ventas,COMPRAS DE INVENTARIOS,186388.0
SG-001-MER-LAISLA,SG,2026-01,Enero,2026,1,costo_ventas,COSTO DE VENTA ND,13311.18
SG-001-MER-LAISLA,SG,2026-02,Febrero,2026,2,costo_ventas,COSTO DE VENTA ND,10081.0
SG-001-MER-LAISLA,SG,2026-03,Marzo,2026,3,costo_ventas,COSTO DE VENTA ND,7742.0
SG-001-MER-LAISLA,SG,2026-04,Abril,2026,4,costo_ventas,COSTO DE VENTA ND,9594.0
SG-001-MER-LAISLA,SG,2026-01,Enero,2026,1,nomina_rrhh,SUELDOS Y SALARIOS,174193.84
SG-001-MER-LAISLA,SG,2026-02,Febrero,2026,2,nomina_rrhh,SUELDOS Y SALARIOS,220971.0
SG-001-MER-LAISLA,SG,2026-03,Marzo,2026,3,nomina_rrhh,SUELDOS Y SALARIOS,201772.0
SG-001-MER-LAISLA,SG,2026-04,Abril,2026,4,nomina_rrhh,SUELDOS Y SALARIOS,151944.0
SG-001-MER-LAISLA,SG,2026-01,Enero,2026,1,nomina_rrhh,HORAS EXTRAS,28586.38
SG-001-MER-LAISLA,SG,2026-02,Febrero,2026,2,nomina_rrhh,HORAS EXTRAS,33818.0
SG-001-MER-LAISLA,SG,2026-03,Marzo,2026,3,nomina_rrhh,HORAS EXTRAS,27312.0
SG-001-MER-LAISLA,SG,2026-04,Abril,2026,4,nomina_rrhh,HORAS EXTRAS,20986.0
SG-001-MER-LAISLA,SG,2026-01,Enero,2026,1,nomina_rrhh,BONOS DE ASISTENCIA,4247.5
SG-001-MER-LAISLA,SG,2026-02,Febrero,2026,2,nomina_rrhh,BONOS DE ASISTENCIA,2605.0
SG-001-MER-LAISLA,SG,2026-03,Marzo,2026,3,nomina_rrhh,BONOS DE ASISTENCIA,3112.0
SG-001-MER-LAISLA,SG,2026-04,Abril,2026,4,nomina_rrhh,BONOS DE ASISTENCIA,964.0
SG-001-MER-LAISLA,SG,2026-01,Enero,2026,1,nomina_rrhh,BONOS DE PUNTUALIDAD,4247.5
SG-001-MER-LAISLA,SG,2026-02,Febrero,2026,2,nomina_rrhh,BONOS DE PUNTUALIDAD,2605.0
SG-001-MER-LAISLA,SG,2026-03,Marzo,2026,3,nomina_rrhh,BONOS DE PUNTUALIDAD,1912.0
SG-001-MER-LAISLA,SG,2026-04,Abril,2026,4,nomina_rrhh,BONOS DE PUNTUALIDAD,1747.0
SG-001-MER-LAISLA,SG,2026-01,Enero,2026,1,nomina_rrhh,VACACIONES,1934.73
SG-001-MER-LAISLA,SG,2026-02,Febrero,2026,2,nomina_rrhh,VACACIONES,2636.0
SG-001-MER-LAISLA,SG,2026-03,Marzo,2026,3,nomina_rrhh,VACACIONES,3215.0
SG-001-MER-LAISLA,SG,2026-04,Abril,2026,4,nomina_rrhh,VACACIONES,6485.0
SG-001-MER-LAISLA,SG,2026-01,Enero,2026,1,nomina_rrhh,PRIMA VACACIONAL,483.67
SG-001-MER-LAISLA,SG,2026-02,Febrero,2026,2,nomina_rrhh,PRIMA VACACIONAL,3128.0
SG-001-MER-LAISLA,SG,2026-03,Marzo,2026,3,nomina_rrhh,PRIMA VACACIONAL,804.0
SG-001-MER-LAISLA,SG,2026-04,Abril,2026,4,nomina_rrhh,PRIMA VACACIONAL,1836.0
SG-001-MER-LAISLA,SG,2026-01,Enero,2026,1,otros_gastos,GRATIFICACIONES,4775.85
SG-001-MER-LAISLA,SG,2026-02,Febrero,2026,2,otros_gastos,GRATIFICACIONES,1040.0
SG-001-MER-LAISLA,SG,2026-03,Marzo,2026,3,otros_gastos,GRATIFICACIONES,5138.0
SG-001-MER-LAISLA,SG,2026-04,Abril,2026,4,otros_gastos,GRATIFICACIONES,783.0
SG-001-MER-LAISLA,SG,2026-01,Enero,2026,1,nomina_rrhh,AGUINALDO,461.1
SG-001-MER-LAISLA,SG,2026-02,Febrero,2026,2,nomina_rrhh,AGUINALDO,1444.0
SG-001-MER-LAISLA,SG,2026-03,Marzo,2026,3,nomina_rrhh,AGUINALDO,2152.0
SG-001-MER-LAISLA,SG,2026-04,Abril,2026,4,nomina_rrhh,AGUINALDO,2442.0
SG-001-MER-LAISLA,SG,2026-01,Enero,2026,1,nomina_rrhh,IMSS,18832.0
SG-001-MER-LAISLA,SG,2026-02,Febrero,2026,2,nomina_rrhh,IMSS,16547.5
SG-001-MER-LAISLA,SG,2026-03,Marzo,2026,3,nomina_rrhh,IMSS,18832.0
SG-001-MER-LAISLA,SG,2026-04,Abril,2026,4,nomina_rrhh,IMSS,16547.5
SG-001-MER-LAISLA,SG,2026-02,Febrero,2026,2,nomina_rrhh,CESANTIA Y VEJEZ,21055.0
SG-001-MER-LAISLA,SG,2026-04,Abril,2026,4,nomina_rrhh,CESANTIA Y VEJEZ,21055.0
SG-001-MER-LAISLA,SG,2026-02,Febrero,2026,2,nomina_rrhh,INFONAVIT,17758.5
SG-001-MER-LAISLA,SG,2026-04,Abril,2026,4,nomina_rrhh,INFONAVIT,17758.5
SG-001-MER-LAISLA,SG,2026-02,Febrero,2026,2,nomina_rrhh,RETIRO,6283.0
SG-001-MER-LAISLA,SG,2026-04,Abril,2026,4,nomina_rrhh,RETIRO,6283.0
SG-001-MER-LAISLA,SG,2026-01,Enero,2026,1,nomina_rrhh,IMPUESTO SOBRE NOMINAS,5904.129600000001
SG-001-MER-LAISLA,SG,2026-02,Febrero,2026,2,nomina_rrhh,IMPUESTO SOBRE NOMINAS,8543.835
SG-001-MER-LAISLA,SG,2026-03,Marzo,2026,3,nomina_rrhh,IMPUESTO SOBRE NOMINAS,7927.469999999999
SG-001-MER-LAISLA,SG,2026-04,Abril,2026,4,nomina_rrhh,IMPUESTO SOBRE NOMINAS,6112.035
SG-001-MER-LAISLA,SG,2026-02,Febrero,2026,2,nomina_rrhh,HONORARIOS A P.F. RESICO.,1100.0
SG-001-MER-LAISLA,SG,2026-03,Marzo,2026,3,nomina_rrhh,HONORARIOS A P.F. RESICO.,2843.0
SG-001-MER-LAISLA,SG,2026-04,Abril,2026,4,nomina_rrhh,HONORARIOS A P.F. RESICO.,1100.0
SG-001-MER-LAISLA,SG,2026-01,Enero,2026,1,renta,RENTAS A P.M.,130460.89
SG-001-MER-LAISLA,SG,2026-02,Febrero,2026,2,renta,RENTAS A P.M.,175656.0
SG-001-MER-LAISLA,SG,2026-03,Marzo,2026,3,renta,RENTAS A P.M.,113444.0
SG-001-MER-LAISLA,SG,2026-04,Abril,2026,4,renta,RENTAS A P.M.,113444.0
SG-001-MER-LAISLA,SG,2026-03,Marzo,2026,3,combustibles,COMBUSTIBLES Y LUBRICANTES,1738.0
SG-001-MER-LAISLA,SG,2026-04,Abril,2026,4,combustibles,COMBUSTIBLES Y LUBRICANTES,648.0
SG-001-MER-LAISLA,SG,2026-01,Enero,2026,1,telecomunicaciones,TELEFONOS E INTERNET,1265.66
SG-001-MER-LAISLA,SG,2026-02,Febrero,2026,2,telecomunicaciones,TELEFONOS E INTERNET,1265.66
SG-001-MER-LAISLA,SG,2026-03,Marzo,2026,3,telecomunicaciones,TELEFONOS E INTERNET,1265.66
SG-001-MER-LAISLA,SG,2026-04,Abril,2026,4,telecomunicaciones,TELEFONOS E INTERNET,1265.66
SG-001-MER-LAISLA,SG,2026-01,Enero,2026,1,aseo_limpieza,ASEO Y LIMPIEZA,16246.17
SG-001-MER-LAISLA,SG,2026-02,Febrero,2026,2,aseo_limpieza,ASEO Y LIMPIEZA,11908.0
SG-001-MER-LAISLA,SG,2026-03,Marzo,2026,3,aseo_limpieza,ASEO Y LIMPIEZA,19880.0
SG-001-MER-LAISLA,SG,2026-04,Abril,2026,4,aseo_limpieza,ASEO Y LIMPIEZA,19624.0
SG-001-MER-LAISLA,SG,2026-01,Enero,2026,1,papeleria_oficina,PAPELERIA Y ARTICULOS DE OFICINA,6781.03
SG-001-MER-LAISLA,SG,2026-02,Febrero,2026,2,papeleria_oficina,PAPELERIA Y ARTICULOS DE OFICINA,1341.0
SG-001-MER-LAISLA,SG,2026-03,Marzo,2026,3,papeleria_oficina,PAPELERIA Y ARTICULOS DE OFICINA,7981.0
SG-001-MER-LAISLA,SG,2026-04,Abril,2026,4,papeleria_oficina,PAPELERIA Y ARTICULOS DE OFICINA,13890.0
SG-001-MER-LAISLA,SG,2026-01,Enero,2026,1,mantenimiento,MTTO DE INMUEBLES,9500.0
SG-001-MER-LAISLA,SG,2026-02,Febrero,2026,2,mantenimiento,MTTO DE INMUEBLES,26348.0
SG-001-MER-LAISLA,SG,2026-03,Marzo,2026,3,mantenimiento,MTTO DE INMUEBLES,18667.0
SG-001-MER-LAISLA,SG,2026-04,Abril,2026,4,mantenimiento,MTTO DE INMUEBLES,17017.0
SG-001-MER-LAISLA,SG,2026-02,Febrero,2026,2,cuotas_suscripciones,CUOTAS Y SUSCRIPCIONES,16779.0
SG-001-MER-LAISLA,SG,2026-04,Abril,2026,4,cuotas_suscripciones,CUOTAS Y SUSCRIPCIONES,13600.0
SG-001-MER-LAISLA,SG,2026-01,Enero,2026,1,marketing,PROPAGANDA Y PUBLICIDAD,17810.89
SG-001-MER-LAISLA,SG,2026-02,Febrero,2026,2,marketing,PROPAGANDA Y PUBLICIDAD,58757.0
SG-001-MER-LAISLA,SG,2026-03,Marzo,2026,3,marketing,PROPAGANDA Y PUBLICIDAD,62002.0
SG-001-MER-LAISLA,SG,2026-04,Abril,2026,4,marketing,PROPAGANDA Y PUBLICIDAD,41590.0
SG-001-MER-LAISLA,SG,2026-03,Marzo,2026,3,fletes,FLETES Y ACARREOS,953.0
SG-001-MER-LAISLA,SG,2026-04,Abril,2026,4,fletes,FLETES Y ACARREOS,4168.0
SG-001-MER-LAISLA,SG,2026-02,Febrero,2026,2,uniformes,UNIFORMES,18096.0
SG-001-MER-LAISLA,SG,2026-04,Abril,2026,4,uniformes,UNIFORMES,14619.0
SG-001-MER-LAISLA,SG,2026-01,Enero,2026,1,herramientas,HERRAMIENTAS Y UTENSILIOS,2294.5
SG-001-MER-LAISLA,SG,2026-02,Febrero,2026,2,herramientas,HERRAMIENTAS Y UTENSILIOS,1163.0
SG-001-MER-LAISLA,SG,2026-03,Marzo,2026,3,herramientas,HERRAMIENTAS Y UTENSILIOS,8685.0
SG-001-MER-LAISLA,SG,2026-04,Abril,2026,4,herramientas,HERRAMIENTAS Y UTENSILIOS,2421.0
SG-001-MER-LAISLA,SG,2026-02,Febrero,2026,2,nomina_rrhh,AJUSTE DE NOMINA,1.0
SG-001-MER-LAISLA,SG,2026-03,Marzo,2026,3,nomina_rrhh,AJUSTE DE NOMINA,1.0
SG-001-MER-LAISLA,SG,2026-02,Febrero,2026,2,desechables,DESECHABLES,26.0
SG-001-MER-LAISLA,SG,2026-03,Marzo,2026,3,desechables,DESECHABLES,31160.0
SG-001-MER-LAISLA,SG,2026-04,Abril,2026,4,desechables,DESECHABLES,73236.0
SG-001-MER-LAISLA,SG,2026-01,Enero,2026,1,renta,BODEGAS,1983.0
SG-001-MER-LAISLA,SG,2026-02,Febrero,2026,2,renta,BODEGAS,1983.0
SG-001-MER-LAISLA,SG,2026-03,Marzo,2026,3,renta,BODEGAS,1983.0
SG-001-MER-LAISLA,SG,2026-04,Abril,2026,4,renta,BODEGAS,1983.0
SG-001-MER-LAISLA,SG,2026-01,Enero,2026,1,nomina_rrhh,PRIMA DOMINICAL,3547.61
SG-001-MER-LAISLA,SG,2026-02,Febrero,2026,2,nomina_rrhh,PRIMA DOMINICAL,4955.0
SG-001-MER-LAISLA,SG,2026-03,Marzo,2026,3,nomina_rrhh,PRIMA DOMINICAL,6480.0
SG-001-MER-LAISLA,SG,2026-04,Abril,2026,4,nomina_rrhh,PRIMA DOMINICAL,5003.0
SG-001-MER-LAISLA,SG,2026-01,Enero,2026,1,otros_gastos,DIVERSOS N/D,5772.45
SG-001-MER-LAISLA,SG,2026-01,Enero,2026,1,comisiones_bancarias,COMISIONES BANCARIAS,1171.7
SG-001-MER-LAISLA,SG,2026-02,Febrero,2026,2,comisiones_bancarias,COMISIONES BANCARIAS,13602.0
SG-001-MER-LAISLA,SG,2026-03,Marzo,2026,3,comisiones_bancarias,COMISIONES BANCARIAS,16390.0
SG-001-MER-LAISLA,SG,2026-04,Abril,2026,4,comisiones_bancarias,COMISIONES BANCARIAS,17167.0
SG-002-MER-PDM,SG,2026-01,Enero,2026,1,ingresos,INGRESOS POR VENTAS 16%,888648.0
SG-002-MER-PDM,SG,2026-02,Febrero,2026,2,ingresos,INGRESOS POR VENTAS 16%,628596.0
SG-002-MER-PDM,SG,2026-03,Marzo,2026,3,ingresos,INGRESOS POR VENTAS 16%,448068.0
SG-002-MER-PDM,SG,2026-04,Abril,2026,4,ingresos,INGRESOS POR VENTAS 16%,538944.0
SG-002-MER-PDM,SG,2026-01,Enero,2026,1,costo_ventas,COMPRAS DE INVENTARIO,213289.0
SG-002-MER-PDM,SG,2026-02,Febrero,2026,2,costo_ventas,COMPRAS DE INVENTARIO,153256.0
SG-002-MER-PDM,SG,2026-03,Marzo,2026,3,costo_ventas,COMPRAS DE INVENTARIO,180564.0
SG-002-MER-PDM,SG,2026-04,Abril,2026,4,costo_ventas,COMPRAS DE INVENTARIO,168122.0
SG-002-MER-PDM,SG,2026-01,Enero,2026,1,costo_ventas,COSTO DE VENTA ND,8240.29
SG-002-MER-PDM,SG,2026-02,Febrero,2026,2,costo_ventas,COSTO DE VENTA ND,7843.0
SG-002-MER-PDM,SG,2026-03,Marzo,2026,3,costo_ventas,COSTO DE VENTA ND,7883.0
SG-002-MER-PDM,SG,2026-04,Abril,2026,4,costo_ventas,COSTO DE VENTA ND,5803.0
SG-002-MER-PDM,SG,2026-01,Enero,2026,1,nomina_rrhh,SUELDOS Y SALARIOS,114625.82
SG-002-MER-PDM,SG,2026-02,Febrero,2026,2,nomina_rrhh,SUELDOS Y SALARIOS,174079.0
SG-002-MER-PDM,SG,2026-03,Marzo,2026,3,nomina_rrhh,SUELDOS Y SALARIOS,178565.0
SG-002-MER-PDM,SG,2026-04,Abril,2026,4,nomina_rrhh,SUELDOS Y SALARIOS,137788.0
SG-002-MER-PDM,SG,2026-01,Enero,2026,1,nomina_rrhh,HORAS EXTRAS,11958.32
SG-002-MER-PDM,SG,2026-02,Febrero,2026,2,nomina_rrhh,HORAS EXTRAS,8888.0
SG-002-MER-PDM,SG,2026-03,Marzo,2026,3,nomina_rrhh,HORAS EXTRAS,12997.0
SG-002-MER-PDM,SG,2026-04,Abril,2026,4,nomina_rrhh,HORAS EXTRAS,6277.0
SG-002-MER-PDM,SG,2026-01,Enero,2026,1,nomina_rrhh,BONOS DE ASISTENCIA,1121.0
SG-002-MER-PDM,SG,2026-02,Febrero,2026,2,nomina_rrhh,BONOS DE ASISTENCIA,600.0
SG-002-MER-PDM,SG,2026-03,Marzo,2026,3,nomina_rrhh,BONOS DE ASISTENCIA,1200.0
SG-002-MER-PDM,SG,2026-01,Enero,2026,1,nomina_rrhh,BONOS DE PUNTUALIDAD,1121.0
SG-002-MER-PDM,SG,2026-02,Febrero,2026,2,nomina_rrhh,BONOS DE PUNTUALIDAD,1200.0
SG-002-MER-PDM,SG,2026-03,Marzo,2026,3,nomina_rrhh,BONOS DE PUNTUALIDAD,1200.0
SG-002-MER-PDM,SG,2026-01,Enero,2026,1,nomina_rrhh,VACACIONES,670.68
SG-002-MER-PDM,SG,2026-03,Marzo,2026,3,nomina_rrhh,VACACIONES,2466.0
SG-002-MER-PDM,SG,2026-04,Abril,2026,4,nomina_rrhh,VACACIONES,2959.0
SG-002-MER-PDM,SG,2026-01,Enero,2026,1,nomina_rrhh,PRIMA VACACIONAL,167.68
SG-002-MER-PDM,SG,2026-03,Marzo,2026,3,nomina_rrhh,PRIMA VACACIONAL,1712.0
SG-002-MER-PDM,SG,2026-04,Abril,2026,4,nomina_rrhh,PRIMA VACACIONAL,740.0
SG-002-MER-PDM,SG,2026-01,Enero,2026,1,otros_gastos,GRATIFICACIONES,364.0
SG-002-MER-PDM,SG,2026-03,Marzo,2026,3,otros_gastos,GRATIFICACIONES,1200.0
SG-002-MER-PDM,SG,2026-04,Abril,2026,4,otros_gastos,GRATIFICACIONES,2000.0
SG-002-MER-PDM,SG,2026-01,Enero,2026,1,nomina_rrhh,AGUINALDO,82.2
SG-002-MER-PDM,SG,2026-03,Marzo,2026,3,nomina_rrhh,AGUINALDO,2459.0
SG-002-MER-PDM,SG,2026-04,Abril,2026,4,nomina_rrhh,AGUINALDO,1693.0
SG-002-MER-PDM,SG,2026-01,Enero,2026,1,nomina_rrhh,IMSS,18832.0
SG-002-MER-PDM,SG,2026-02,Febrero,2026,2,nomina_rrhh,IMSS,16547.5
SG-002-MER-PDM,SG,2026-03,Marzo,2026,3,nomina_rrhh,IMSS,18832.0
SG-002-MER-PDM,SG,2026-04,Abril,2026,4,nomina_rrhh,IMSS,16547.5
SG-002-MER-PDM,SG,2026-02,Febrero,2026,2,nomina_rrhh,CESANTIA Y VEJEZ,21055.0
SG-002-MER-PDM,SG,2026-04,Abril,2026,4,nomina_rrhh,CESANTIA Y VEJEZ,21055.0
SG-002-MER-PDM,SG,2026-02,Febrero,2026,2,nomina_rrhh,INFONAVIT,17758.5
SG-002-MER-PDM,SG,2026-04,Abril,2026,4,nomina_rrhh,INFONAVIT,17758.5
SG-002-MER-PDM,SG,2026-02,Febrero,2026,2,nomina_rrhh,RETIRO,6283.0
SG-002-MER-PDM,SG,2026-04,Abril,2026,4,nomina_rrhh,RETIRO,6283.0
SG-002-MER-PDM,SG,2026-01,Enero,2026,1,nomina_rrhh,IMPUESTO SOBRE NOMINAS,4468.281
SG-002-MER-PDM,SG,2026-02,Febrero,2026,2,nomina_rrhh,IMPUESTO SOBRE NOMINAS,6039.4349999999995
SG-002-MER-PDM,SG,2026-03,Marzo,2026,3,nomina_rrhh,IMPUESTO SOBRE NOMINAS,6618.929999999999
SG-002-MER-PDM,SG,2026-04,Abril,2026,4,nomina_rrhh,IMPUESTO SOBRE NOMINAS,5040.135
SG-002-MER-PDM,SG,2026-02,Febrero,2026,2,nomina_rrhh,HONORARIOS A P.F. RESICO.,1100.0
SG-002-MER-PDM,SG,2026-03,Marzo,2026,3,nomina_rrhh,HONORARIOS A P.F. RESICO.,2843.0
SG-002-MER-PDM,SG,2026-04,Abril,2026,4,nomina_rrhh,HONORARIOS A P.F. RESICO.,1100.0
SG-002-MER-PDM,SG,2026-01,Enero,2026,1,renta,RENTAS A P.M.,55000.0
SG-002-MER-PDM,SG,2026-02,Febrero,2026,2,renta,RENTAS A P.M.,55000.0
SG-002-MER-PDM,SG,2026-03,Marzo,2026,3,renta,RENTAS A P.M.,55000.0
SG-002-MER-PDM,SG,2026-04,Abril,2026,4,renta,RENTAS A P.M.,60795.0
SG-002-MER-PDM,SG,2026-01,Enero,2026,1,telecomunicaciones,TELEFONOS E INTERNET,547.98
SG-002-MER-PDM,SG,2026-02,Febrero,2026,2,telecomunicaciones,TELEFONOS E INTERNET,1292.0
SG-002-MER-PDM,SG,2026-03,Marzo,2026,3,telecomunicaciones,TELEFONOS E INTERNET,1200.0
SG-002-MER-PDM,SG,2026-04,Abril,2026,4,telecomunicaciones,TELEFONOS E INTERNET,612.0
SG-002-MER-PDM,SG,2026-02,Febrero,2026,2,otros_gastos,ENERGIA ELECTRICA,9328.0
SG-002-MER-PDM,SG,2026-04,Abril,2026,4,otros_gastos,ENERGIA ELECTRICA,10901.0
SG-002-MER-PDM,SG,2026-01,Enero,2026,1,aseo_limpieza,ASEO Y LIMPIEZA,12332.78
SG-002-MER-PDM,SG,2026-02,Febrero,2026,2,aseo_limpieza,ASEO Y LIMPIEZA,11248.0
SG-002-MER-PDM,SG,2026-03,Marzo,2026,3,aseo_limpieza,ASEO Y LIMPIEZA,49838.0
SG-002-MER-PDM,SG,2026-04,Abril,2026,4,aseo_limpieza,ASEO Y LIMPIEZA,4814.0
SG-002-MER-PDM,SG,2026-01,Enero,2026,1,papeleria_oficina,PAPELERIA Y ARTICULOS DE OFICINA,391.86
SG-002-MER-PDM,SG,2026-02,Febrero,2026,2,papeleria_oficina,PAPELERIA Y ARTICULOS DE OFICINA,1324.0
SG-002-MER-PDM,SG,2026-03,Marzo,2026,3,papeleria_oficina,PAPELERIA Y ARTICULOS DE OFICINA,2893.0
SG-002-MER-PDM,SG,2026-04,Abril,2026,4,papeleria_oficina,PAPELERIA Y ARTICULOS DE OFICINA,3483.0
SG-002-MER-PDM,SG,2026-01,Enero,2026,1,cuotas_suscripciones,CUOTAS Y SUSCRIPCIONES,2200.0
SG-002-MER-PDM,SG,2026-02,Febrero,2026,2,cuotas_suscripciones,CUOTAS Y SUSCRIPCIONES,2577.0
SG-002-MER-PDM,SG,2026-01,Enero,2026,1,marketing,PROPAGANDA Y PUBLICIDAD,2030.89
SG-002-MER-PDM,SG,2026-03,Marzo,2026,3,fletes,FLETES Y ACARREOS,953.0
SG-002-MER-PDM,SG,2026-04,Abril,2026,4,fletes,FLETES Y ACARREOS,2947.0
SG-002-MER-PDM,SG,2026-04,Abril,2026,4,uniformes,UNIFORMES,14619.0
SG-002-MER-PDM,SG,2026-02,Febrero,2026,2,herramientas,HERRAMIENTAS Y UTENSILIOS,2852.0
SG-002-MER-PDM,SG,2026-03,Marzo,2026,3,herramientas,HERRAMIENTAS Y UTENSILIOS,4667.0
SG-002-MER-PDM,SG,2026-01,Enero,2026,1,otros_gastos,MENSAJERIA Y ENVIOS,3150.0
SG-002-MER-PDM,SG,2026-03,Marzo,2026,3,otros_gastos,MENSAJERIA Y ENVIOS,107.0
SG-002-MER-PDM,SG,2026-04,Abril,2026,4,otros_gastos,MENSAJERIA Y ENVIOS,593.0
SG-002-MER-PDM,SG,2026-03,Marzo,2026,3,nomina_rrhh,AJUSTE DE NOMINA,1.0
SG-002-MER-PDM,SG,2026-02,Febrero,2026,2,desechables,DESECHABLES,3352.0
SG-002-MER-PDM,SG,2026-03,Marzo,2026,3,desechables,DESECHABLES,31179.0
SG-002-MER-PDM,SG,2026-04,Abril,2026,4,desechables,DESECHABLES,4453.0
SG-002-MER-PDM,SG,2026-04,Abril,2026,4,renta,BODEGAS,1983.0
SG-002-MER-PDM,SG,2026-01,Enero,2026,1,nomina_rrhh,PRIMA DOMINICAL,3133.21
SG-002-MER-PDM,SG,2026-02,Febrero,2026,2,nomina_rrhh,PRIMA DOMINICAL,2158.0
SG-002-MER-PDM,SG,2026-03,Marzo,2026,3,nomina_rrhh,PRIMA DOMINICAL,4676.0
SG-002-MER-PDM,SG,2026-04,Abril,2026,4,nomina_rrhh,PRIMA DOMINICAL,4796.0
SG-002-MER-PDM,SG,2026-01,Enero,2026,1,otros_gastos,DIVERSOS N/D,8048.4
SG-002-MER-PDM,SG,2026-04,Abril,2026,4,comisiones_bancarias,COMISIONES BANCARIAS N/D,9731.0
SG-002-MER-PDM,SG,2026-02,Febrero,2026,2,comisiones_bancarias,COMISIONES BANCARIAS,11560.0
SG-002-MER-PDM,SG,2026-03,Marzo,2026,3,comisiones_bancarias,COMISIONES BANCARIAS,7370.0
CORP-001-MER-MAIN,CORP,2026-02,Febrero,2026,2,ingresos,INGRESOS POR VENTAS 16%,1350089.36
CORP-001-MER-MAIN,CORP,2026-03,Marzo,2026,3,ingresos,INGRESOS POR VENTAS 16%,1892136.08
CORP-001-MER-MAIN,CORP,2026-04,Abril,2026,4,ingresos,INGRESOS POR VENTAS 16%,1758420.99
CORP-001-MER-MAIN,CORP,2026-01,Enero,2026,1,costo_ventas,COMPRAS DE INVENTARIOS,215027.9
CORP-001-MER-MAIN,CORP,2026-02,Febrero,2026,2,costo_ventas,COMPRAS DE INVENTARIOS,433387.18
CORP-001-MER-MAIN,CORP,2026-03,Marzo,2026,3,costo_ventas,COMPRAS DE INVENTARIOS,667825.57
CORP-001-MER-MAIN,CORP,2026-04,Abril,2026,4,costo_ventas,COMPRAS DE INVENTARIOS,711038.5
CORP-001-MER-MAIN,CORP,2026-01,Enero,2026,1,nomina_rrhh,SUELDOS Y SALARIOS,235391.6
CORP-001-MER-MAIN,CORP,2026-02,Febrero,2026,2,nomina_rrhh,SUELDOS Y SALARIOS,295805.8
CORP-001-MER-MAIN,CORP,2026-03,Marzo,2026,3,nomina_rrhh,SUELDOS Y SALARIOS,315397.58
CORP-001-MER-MAIN,CORP,2026-04,Abril,2026,4,nomina_rrhh,SUELDOS Y SALARIOS,305384.53
CORP-001-MER-MAIN,CORP,2026-01,Enero,2026,1,nomina_rrhh,HORAS EXTRAS,7799.94
CORP-001-MER-MAIN,CORP,2026-02,Febrero,2026,2,nomina_rrhh,HORAS EXTRAS,25074.14
CORP-001-MER-MAIN,CORP,2026-03,Marzo,2026,3,nomina_rrhh,HORAS EXTRAS,40765.68
CORP-001-MER-MAIN,CORP,2026-04,Abril,2026,4,nomina_rrhh,HORAS EXTRAS,26857.57
CORP-001-MER-MAIN,CORP,2026-01,Enero,2026,1,nomina_rrhh,BONOS DE ASISTENCIA,2598.0
CORP-001-MER-MAIN,CORP,2026-02,Febrero,2026,2,nomina_rrhh,BONOS DE ASISTENCIA,3483.66
CORP-001-MER-MAIN,CORP,2026-03,Marzo,2026,3,nomina_rrhh,BONOS DE ASISTENCIA,4694.77
CORP-001-MER-MAIN,CORP,2026-04,Abril,2026,4,nomina_rrhh,BONOS DE ASISTENCIA,2654.67
CORP-001-MER-MAIN,CORP,2026-01,Enero,2026,1,nomina_rrhh,BONOS DE PUNTUALIDAD,2598.0
CORP-001-MER-MAIN,CORP,2026-02,Febrero,2026,2,nomina_rrhh,BONOS DE PUNTUALIDAD,3483.66
CORP-001-MER-MAIN,CORP,2026-03,Marzo,2026,3,nomina_rrhh,BONOS DE PUNTUALIDAD,4694.87
CORP-001-MER-MAIN,CORP,2026-04,Abril,2026,4,nomina_rrhh,BONOS DE PUNTUALIDAD,2654.67
CORP-001-MER-MAIN,CORP,2026-01,Enero,2026,1,nomina_rrhh,VACACIONES,294.08
CORP-001-MER-MAIN,CORP,2026-02,Febrero,2026,2,nomina_rrhh,VACACIONES,4124.89
CORP-001-MER-MAIN,CORP,2026-03,Marzo,2026,3,nomina_rrhh,VACACIONES,1900.53
CORP-001-MER-MAIN,CORP,2026-04,Abril,2026,4,nomina_rrhh,VACACIONES,2003.85
CORP-001-MER-MAIN,CORP,2026-01,Enero,2026,1,nomina_rrhh,PRIMA VACACIONAL,36.77
CORP-001-MER-MAIN,CORP,2026-02,Febrero,2026,2,nomina_rrhh,PRIMA VACACIONAL,1031.25
CORP-001-MER-MAIN,CORP,2026-03,Marzo,2026,3,nomina_rrhh,PRIMA VACACIONAL,475.13
CORP-001-MER-MAIN,CORP,2026-04,Abril,2026,4,nomina_rrhh,PRIMA VACACIONAL,500.96
CORP-001-MER-MAIN,CORP,2026-01,Enero,2026,1,nomina_rrhh,PRIMA DOMINICAL,676.44
CORP-001-MER-MAIN,CORP,2026-02,Febrero,2026,2,nomina_rrhh,PRIMA DOMINICAL,6288.31
CORP-001-MER-MAIN,CORP,2026-03,Marzo,2026,3,nomina_rrhh,PRIMA DOMINICAL,8875.69
CORP-001-MER-MAIN,CORP,2026-04,Abril,2026,4,nomina_rrhh,PRIMA DOMINICAL,8696.02
CORP-001-MER-MAIN,CORP,2026-01,Enero,2026,1,otros_gastos,GRATIFICACIONES,5.8
CORP-001-MER-MAIN,CORP,2026-02,Febrero,2026,2,otros_gastos,GRATIFICACIONES,12133.51
CORP-001-MER-MAIN,CORP,2026-03,Marzo,2026,3,otros_gastos,GRATIFICACIONES,3116.66
CORP-001-MER-MAIN,CORP,2026-04,Abril,2026,4,otros_gastos,GRATIFICACIONES,2111.48
CORP-001-MER-MAIN,CORP,2026-01,Enero,2026,1,nomina_rrhh,AGUINALDO,187.93
CORP-001-MER-MAIN,CORP,2026-02,Febrero,2026,2,nomina_rrhh,AGUINALDO,4906.87
CORP-001-MER-MAIN,CORP,2026-03,Marzo,2026,3,nomina_rrhh,AGUINALDO,2428.91
CORP-001-MER-MAIN,CORP,2026-04,Abril,2026,4,nomina_rrhh,AGUINALDO,2560.94
CORP-001-MER-MAIN,CORP,2026-01,Enero,2026,1,nomina_rrhh,IMSS,28653.27
CORP-001-MER-MAIN,CORP,2026-02,Febrero,2026,2,nomina_rrhh,IMSS,36971.91
CORP-001-MER-MAIN,CORP,2026-03,Marzo,2026,3,nomina_rrhh,IMSS,43889.53
CORP-001-MER-MAIN,CORP,2026-04,Abril,2026,4,nomina_rrhh,IMSS,42265.93
CORP-001-MER-MAIN,CORP,2026-02,Febrero,2026,2,nomina_rrhh,CESANTIA Y VEJEZ,41816.62
CORP-001-MER-MAIN,CORP,2026-04,Abril,2026,4,nomina_rrhh,CESANTIA Y VEJEZ,58906.3
CORP-001-MER-MAIN,CORP,2026-02,Febrero,2026,2,nomina_rrhh,INFONAVIT,28652.05
CORP-001-MER-MAIN,CORP,2026-04,Abril,2026,4,nomina_rrhh,INFONAVIT,43131.67
CORP-001-MER-MAIN,CORP,2026-02,Febrero,2026,2,nomina_rrhh,RETIRO,11460.83
CORP-001-MER-MAIN,CORP,2026-04,Abril,2026,4,nomina_rrhh,RETIRO,14791.52
CORP-001-MER-MAIN,CORP,2026-01,Enero,2026,1,nomina_rrhh,IMPUESTO SOBRE NOMINAS,1870.0
CORP-001-MER-MAIN,CORP,2026-02,Febrero,2026,2,nomina_rrhh,IMPUESTO SOBRE NOMINAS,10689.962699999998
CORP-001-MER-MAIN,CORP,2026-03,Marzo,2026,3,nomina_rrhh,IMPUESTO SOBRE NOMINAS,11470.4946
CORP-001-MER-MAIN,CORP,2026-04,Abril,2026,4,nomina_rrhh,IMPUESTO SOBRE NOMINAS,10602.7407
CORP-001-MER-MAIN,CORP,2026-02,Febrero,2026,2,renta,RENTA,105768.0
CORP-001-MER-MAIN,CORP,2026-03,Marzo,2026,3,renta,RENTA,109214.18
CORP-001-MER-MAIN,CORP,2026-04,Abril,2026,4,renta,RENTA,109214.18
CORP-001-MER-MAIN,CORP,2026-02,Febrero,2026,2,otros_gastos,GAS,10643.26
CORP-001-MER-MAIN,CORP,2026-03,Marzo,2026,3,otros_gastos,GAS,10344.82
CORP-001-MER-MAIN,CORP,2026-04,Abril,2026,4,otros_gastos,GAS,10344.82
CORP-001-MER-MAIN,CORP,2026-03,Marzo,2026,3,telecomunicaciones,TELEFONO E INTERNET,6119.05
CORP-001-MER-MAIN,CORP,2026-04,Abril,2026,4,telecomunicaciones,TELEFONO E INTERNET,2404.31
CORP-001-MER-MAIN,CORP,2026-01,Enero,2026,1,otros_gastos,GASTOS DE TRANSPORTE,93.1
CORP-001-MER-MAIN,CORP,2026-01,Enero,2026,1,aseo_limpieza,ASEO Y LIMPIEZA,40152.59
CORP-001-MER-MAIN,CORP,2026-02,Febrero,2026,2,aseo_limpieza,ASEO Y LIMPIEZA,12271.44
CORP-001-MER-MAIN,CORP,2026-03,Marzo,2026,3,aseo_limpieza,ASEO Y LIMPIEZA,48149.94
CORP-001-MER-MAIN,CORP,2026-04,Abril,2026,4,aseo_limpieza,ASEO Y LIMPIEZA,1000.0
CORP-001-MER-MAIN,CORP,2026-01,Enero,2026,1,papeleria_oficina,PAPELERIA Y ARTICULOS DE OFICINA,3352.58
CORP-001-MER-MAIN,CORP,2026-02,Febrero,2026,2,papeleria_oficina,PAPELERIA Y ARTICULOS DE OFICINA,2961.3
CORP-001-MER-MAIN,CORP,2026-03,Marzo,2026,3,papeleria_oficina,PAPELERIA Y ARTICULOS DE OFICINA,1422.03
CORP-001-MER-MAIN,CORP,2026-04,Abril,2026,4,papeleria_oficina,PAPELERIA Y ARTICULOS DE OFICINA,4337.33
CORP-001-MER-MAIN,CORP,2026-02,Febrero,2026,2,mantenimiento,MTTO DEL LOCAL,11339.65
CORP-001-MER-MAIN,CORP,2026-03,Marzo,2026,3,mantenimiento,MTTO DEL LOCAL,151704.65
CORP-001-MER-MAIN,CORP,2026-04,Abril,2026,4,mantenimiento,MTTO DEL LOCAL,11339.67
CORP-001-MER-MAIN,CORP,2026-01,Enero,2026,1,otros_gastos,RECARGOS FISCALES,272.0
CORP-001-MER-MAIN,CORP,2026-02,Febrero,2026,2,otros_gastos,RECARGOS FISCALES,348.0
CORP-001-MER-MAIN,CORP,2026-01,Enero,2026,1,marketing,PROPAGANDA Y PUBLICIDAD,301932.64
CORP-001-MER-MAIN,CORP,2026-02,Febrero,2026,2,marketing,PROPAGANDA Y PUBLICIDAD,136430.91
CORP-001-MER-MAIN,CORP,2026-03,Marzo,2026,3,marketing,PROPAGANDA Y PUBLICIDAD,45589.91
CORP-001-MER-MAIN,CORP,2026-04,Abril,2026,4,marketing,PROPAGANDA Y PUBLICIDAD,77801.79
CORP-001-MER-MAIN,CORP,2026-01,Enero,2026,1,fletes,FLETES Y ACARREOS,1026.81
CORP-001-MER-MAIN,CORP,2026-01,Enero,2026,1,uniformes,UNIFORMES,3757.8
CORP-001-MER-MAIN,CORP,2026-02,Febrero,2026,2,uniformes,UNIFORMES,16650.0
CORP-001-MER-MAIN,CORP,2026-03,Marzo,2026,3,uniformes,UNIFORMES,59009.45
CORP-001-MER-MAIN,CORP,2026-01,Enero,2026,1,herramientas,HERRAMIENTAS Y UTENSILIOS,47688.06
CORP-001-MER-MAIN,CORP,2026-02,Febrero,2026,2,herramientas,HERRAMIENTAS Y UTENSILIOS,27546.78
CORP-001-MER-MAIN,CORP,2026-03,Marzo,2026,3,herramientas,HERRAMIENTAS Y UTENSILIOS,3151.72
CORP-001-MER-MAIN,CORP,2026-04,Abril,2026,4,herramientas,HERRAMIENTAS Y UTENSILIOS,1534.4
CORP-001-MER-MAIN,CORP,2026-01,Enero,2026,1,nomina_rrhh,AJUSTE DE NOMINA,2.38
CORP-001-MER-MAIN,CORP,2026-01,Enero,2026,1,otros_gastos,GASTOS DIVERSOS,4708.26
CORP-001-MER-MAIN,CORP,2026-04,Abril,2026,4,otros_gastos,GASTOS DIVERSOS,516.17
CORP-001-MER-MAIN,CORP,2026-01,Enero,2026,1,otros_gastos,EVENTOS Y REUNIONES,71900.0
CORP-001-MER-MAIN,CORP,2026-02,Febrero,2026,2,otros_gastos,EVENTOS Y REUNIONES,7584.54
CORP-001-MER-MAIN,CORP,2026-01,Enero,2026,1,desechables,DESECHABLES,5245.15
CORP-001-MER-MAIN,CORP,2026-04,Abril,2026,4,desechables,DESECHABLES,6132.43
CORP-001-MER-MAIN,CORP,2026-01,Enero,2026,1,papeleria_oficina,GASTOS DE LA OFICINA,2047.5
CORP-001-MER-MAIN,CORP,2026-02,Febrero,2026,2,papeleria_oficina,GASTOS DE LA OFICINA,805.89
CORP-001-MER-MAIN,CORP,2026-01,Enero,2026,1,otros_gastos,SERVICIOS DE FUMIGACION,14500.0
CORP-001-MER-MAIN,CORP,2026-02,Febrero,2026,2,otros_gastos,SERVICIOS DE FUMIGACION,13900.0
CORP-001-MER-MAIN,CORP,2026-02,Febrero,2026,2,comisiones_bancarias,COMISIONES BANCARIAS,23273.716200000003
CORP-001-MER-MAIN,CORP,2026-03,Marzo,2026,3,comisiones_bancarias,COMISIONES BANCARIAS,32139.893799999998
CORP-001-MER-MAIN,CORP,2026-04,Abril,2026,4,comisiones_bancarias,COMISIONES BANCARIAS,38329.53
